PMID,Title,Authors,Citation,First Author,Journal/Book,Publication Year,Create Date,PMCID,NIHMS ID,DOI
"28157247","Congenital diaphragmatic hernia: pathogenesis, prenatal diagnosis and management - literature review","Kosiński P, Wielgoś M.","Ginekol Pol. 2017;88(1):24-30. doi: 10.5603/GP.a2017.0005.","Kosiński P","Ginekol Pol","2017","2017/02/04","","","10.5603/GP.a2017.0005"
"30053927","Congenital Diaphragmatic Hernia: Management & Outcomes","Dingeldein M.","Adv Pediatr. 2018 Aug;65(1):241-247. doi: 10.1016/j.yapd.2018.05.001. Epub 2018 Jun 12.","Dingeldein M","Adv Pediatr","2018","2018/07/29","","","10.1016/j.yapd.2018.05.001"
"32072236","Congenital diaphragmatic hernia: current management strategies from antenatal diagnosis to long-term follow-up","Kirby E, Keijzer R.","Pediatr Surg Int. 2020 Apr;36(4):415-429. doi: 10.1007/s00383-020-04625-z. Epub 2020 Feb 18.","Kirby E","Pediatr Surg Int","2020","2020/02/20","","","10.1007/s00383-020-04625-z"
"34106556","Randomized Trial of Fetal Surgery for Severe Left Diaphragmatic Hernia","Deprest JA, Nicolaides KH, Benachi A, Gratacos E, Ryan G, Persico N, Sago H, Johnson A, Wielgoś M, Berg C, Van Calster B, Russo FM; TOTAL Trial for Severe Hypoplasia Investigators.","N Engl J Med. 2021 Jul 8;385(2):107-118. doi: 10.1056/NEJMoa2027030. Epub 2021 Jun 8.","Deprest JA","N Engl J Med","2021","2021/06/09","PMC7613453","EMS152844","10.1056/NEJMoa2027030"
"31451175","Fetal intervention for congenital diaphragmatic hernia","Kovler ML, Jelin EB.","Semin Pediatr Surg. 2019 Aug;28(4):150818. doi: 10.1053/j.sempedsurg.2019.07.001. Epub 2019 Jul 18.","Kovler ML","Semin Pediatr Surg","2019","2019/08/28","","","10.1053/j.sempedsurg.2019.07.001"
"34106555","Randomized Trial of Fetal Surgery for Moderate Left Diaphragmatic Hernia","Deprest JA, Benachi A, Gratacos E, Nicolaides KH, Berg C, Persico N, Belfort M, Gardener GJ, Ville Y, Johnson A, Morini F, Wielgoś M, Van Calster B, DeKoninck PLJ; TOTAL Trial for Moderate Hypoplasia Investigators.","N Engl J Med. 2021 Jul 8;385(2):119-129. doi: 10.1056/NEJMoa2026983. Epub 2021 Jun 8.","Deprest JA","N Engl J Med","2021","2021/06/09","PMC7613454","EMS152843","10.1056/NEJMoa2026983"
"36456433","Prenatal management of congenital diaphragmatic hernia","Danzer E, Rintoul NE, van Meurs KP, Deprest J.","Semin Fetal Neonatal Med. 2022 Dec;27(6):101406. doi: 10.1016/j.siny.2022.101406. Epub 2022 Nov 17.","Danzer E","Semin Fetal Neonatal Med","2022","2022/12/01","","","10.1016/j.siny.2022.101406"
"36328604","In Utero Therapy for Congenital Diaphragmatic Hernia","Schwab ME, Lee H, Tsao K.","Clin Perinatol. 2022 Dec;49(4):863-872. doi: 10.1016/j.clp.2022.07.008. Epub 2022 Oct 13.","Schwab ME","Clin Perinatol","2022","2022/11/03","","","10.1016/j.clp.2022.07.008"
"30417507","Regenerative Prophylaxis In Utero","Ruano R, Enninga EAL, Brana Rivera PE, Terzic A.","Clin Pharmacol Ther. 2019 Jan;105(1):39-41. doi: 10.1002/cpt.1262. Epub 2018 Nov 11.","Ruano R","Clin Pharmacol Ther","2019","2018/11/13","PMC6312471","NIHMS994151","10.1002/cpt.1262"
"31451196","Fetal tracheal occlusion for congenital diaphragmatic hernia","Tsao K, Johnson A.","Semin Perinatol. 2020 Feb;44(1):151164. doi: 10.1053/j.semperi.2019.07.003. Epub 2019 Jul 30.","Tsao K","Semin Perinatol","2020","2019/08/28","","","10.1053/j.semperi.2019.07.003"
"35199368","Antenatal management of congenital diaphragmatic hernia: What's next ?","Russo F, Benachi A, Gratacos E, Zani A, Keijzer R, Partridge E, Sananes N, De Coppi P, Aertsen M, Nicolaides KH, Deprest J.","Prenat Diagn. 2022 Mar;42(3):291-300. doi: 10.1002/pd.6120.","Russo F","Prenat Diagn","2022","2022/02/24","","","10.1002/pd.6120"
"22214468","Congenital diaphragmatic hernia","Tovar JA.","Orphanet J Rare Dis. 2012 Jan 3;7:1. doi: 10.1186/1750-1172-7-1.","Tovar JA","Orphanet J Rare Dis","2012","2012/01/05","PMC3261088","","10.1186/1750-1172-7-1"
"32073442","New approaches to congenital diaphragmatic hernia","Blumenfeld YJ, Belfort MA.","Curr Opin Obstet Gynecol. 2020 Apr;32(2):121-127. doi: 10.1097/GCO.0000000000000615.","Blumenfeld YJ","Curr Opin Obstet Gynecol","2020","2020/02/20","","","10.1097/GCO.0000000000000615"
"31427115","Basic and translational science advances in congenital diaphragmatic hernia","Wagner R, Montalva L, Zani A, Keijzer R.","Semin Perinatol. 2020 Feb;44(1):151170. doi: 10.1053/j.semperi.2019.07.009. Epub 2019 Jul 30.","Wagner R","Semin Perinatol","2020","2019/08/21","","","10.1053/j.semperi.2019.07.009"
"30772144","Prenatal diagnosis and management of congenital diaphragmatic hernia","Basurto D, Russo FM, Van der Veeken L, Van der Merwe J, Hooper S, Benachi A, De Bie F, Gomez O, Deprest J.","Best Pract Res Clin Obstet Gynaecol. 2019 Jul;58:93-106. doi: 10.1016/j.bpobgyn.2018.12.010. Epub 2019 Jan 5.","Basurto D","Best Pract Res Clin Obstet Gynaecol","2019","2019/02/18","","","10.1016/j.bpobgyn.2018.12.010"
"29713814","Prenatal intervention for the management of congenital diaphragmatic hernia","Verla MA, Style CC, Olutoye OO.","Pediatr Surg Int. 2018 Jun;34(6):579-587. doi: 10.1007/s00383-018-4270-0. Epub 2018 Apr 30.","Verla MA","Pediatr Surg Int","2018","2018/05/02","","","10.1007/s00383-018-4270-0"
"18230634","Fetal surgery","Kunisaki SM, Jennings RW.","J Intensive Care Med. 2008 Jan-Feb;23(1):33-51. doi: 10.1177/0885066607310240.","Kunisaki SM","J Intensive Care Med","2008","2008/01/31","","","10.1177/0885066607310240"
"33616107","Transuterine Fetal Tracheal Occlusion Model in Mice","Aydın E, Joshi R, Oria M, Lim FY, Varisco BM, Peiro JL.","J Vis Exp. 2021 Feb 5;(168):10.3791/61772. doi: 10.3791/61772.","Aydın E","J Vis Exp","2021","2021/02/22","PMC8981056","NIHMS1779075","10.3791/61772"
"35393531","Acute kidney injury in infants with congenital diaphragmatic hernia","Arattu Thodika FMS, Dassios T, Deep A, Greenough A.","J Perinatol. 2022 Jul;42(7):925-929. doi: 10.1038/s41372-022-01378-6. Epub 2022 Apr 7.","Arattu Thodika FMS","J Perinatol","2022","2022/04/08","PMC9259479","","10.1038/s41372-022-01378-6"
"29479945","Antenatal management of congenital diaphragmatic hernia today and tomorrow","van der Veeken L, Russo FM, van der Merwe J, Basurto D, Sharma D, Nguyen T, Eastwood MP, Khoshgoo N, Toelen J, Allegaert K, Dekoninck P, Hooper SB, Keijzer R, De Coppi P, Deprest J.","Minerva Pediatr. 2018 Jun;70(3):270-280. doi: 10.23736/S0026-4946.18.05186-1. Epub 2018 Feb 23.","van der Veeken L","Minerva Pediatr","2018","2018/02/27","","","10.23736/S0026-4946.18.05186-1"
"35801282","Pulmonary hypertension in congenital diaphragmatic hernia: Antenatal prediction and impact on neonatal mortality","Basurto D, Russo FM, Papastefanou I, Bredaki E, Allegaert K, Pertierra A, Debeer A, De Catte L, Lewi L, Devlieger R, De Coppi P, Gratacos E, Gomez O, Deprest J.","Prenat Diagn. 2022 Sep;42(10):1303-1311. doi: 10.1002/pd.6207. Epub 2022 Jul 20.","Basurto D","Prenat Diagn","2022","2022/07/08","","","10.1002/pd.6207"
"34096456","Fetal endoscopic tracheal occlusion and pulmonary hypertension in moderate congenital diaphragmatic hernia","Donepudi R, Belfort MA, Shamshirsaz AA, Lee TC, Keswani SG, King A, Ayres NA, Fernandes CJ, Sanz-Cortes M, Nassr AA, Espinoza AF, Style CC, Espinoza J.","J Matern Fetal Neonatal Med. 2022 Dec;35(25):6967-6972. doi: 10.1080/14767058.2021.1932806. Epub 2021 Jun 6.","Donepudi R","J Matern Fetal Neonatal Med","2022","2021/06/07","","","10.1080/14767058.2021.1932806"
"35498783","Challenges and Pitfalls: Performing Clinical Trials in Patients With Congenital Diaphragmatic Hernia","Cochius-den Otter S, Deprest JA, Storme L, Greenough A, Tibboel D.","Front Pediatr. 2022 Apr 15;10:852843. doi: 10.3389/fped.2022.852843. eCollection 2022.","Cochius-den Otter S","Front Pediatr","2022","2022/05/02","PMC9051320","","10.3389/fped.2022.852843"
"32206649","Fetal therapies as standard prenatal care in Japan","Sago H, Wada S.","Obstet Gynecol Sci. 2020 Mar;63(2):108-116. doi: 10.5468/ogs.2020.63.2.108. Epub 2020 Feb 18.","Sago H","Obstet Gynecol Sci","2020","2020/03/25","PMC7073354","","10.5468/ogs.2020.63.2.108"
"9516558","Fetoscopy","Yang EY, Adzick NS.","Semin Laparosc Surg. 1998 Mar;5(1):31-9. doi: 10.1177/155335069800500107.","Yang EY","Semin Laparosc Surg","1998","1998/05/02","","","10.1177/155335069800500107"
"29169875","Current and future antenatal management of isolated congenital diaphragmatic hernia","Russo FM, De Coppi P, Allegaert K, Toelen J, van der Veeken L, Attilakos G, Eastwood MP, David AL, Deprest J.","Semin Fetal Neonatal Med. 2017 Dec;22(6):383-390. doi: 10.1016/j.siny.2017.11.002. Epub 2017 Nov 21.","Russo FM","Semin Fetal Neonatal Med","2017","2017/11/25","","","10.1016/j.siny.2017.11.002"
"29341044","Antenatal Medical Therapies to Improve Lung Development in Congenital Diaphragmatic Hernia","Kashyap A, DeKoninck P, Crossley K, Thio M, Polglase G, Russo FM, Deprest J, Hooper S, Hodges R.","Am J Perinatol. 2018 Jul;35(9):823-836. doi: 10.1055/s-0037-1618603. Epub 2018 Jan 16.","Kashyap A","Am J Perinatol","2018","2018/01/18","","","10.1055/s-0037-1618603"
"32611543","Prenatal regenerative fetoscopic interventions for congenital anomalies","Ruano R.","BMJ. 2020 Jul 1;370:m1624. doi: 10.1136/bmj.m1624.","Ruano R","BMJ","2020","2020/07/03","","","10.1136/bmj.m1624"
"32602097","Application of Tissue Engineering and Regenerative Medicine in Maternal-Fetal Medicine","Shin JC, Ko HS.","Adv Exp Med Biol. 2020;1249:161-171. doi: 10.1007/978-981-15-3258-0_11.","Shin JC","Adv Exp Med Biol","2020","2020/07/01","","","10.1007/978-981-15-3258-0_11"
"35032132","How should fetal surgery for congenital diaphragmatic hernia be implemented in the post-TOTAL trial era: A discussion","Deprest J, Flake A.","Prenat Diagn. 2022 Mar;42(3):301-309. doi: 10.1002/pd.6091. Epub 2022 Jan 22.","Deprest J","Prenat Diagn","2022","2022/01/15","","","10.1002/pd.6091"
"35092962","Perinatal Outcomes after Fetal Endoscopic Tracheal Occlusion for Isolated Congenital Diaphragmatic Hernia: Rapid Review","da-Costa-Santos J, Bennini JR.","Rev Bras Ginecol Obstet. 2022 Jan;44(1):74-82. doi: 10.1055/s-0041-1740596. Epub 2022 Jan 29.","da-Costa-Santos J","Rev Bras Ginecol Obstet","2022","2022/01/29","","","10.1055/s-0041-1740596"
"21325858","Fetal surgery for congenital diaphragmatic hernia is back from never gone","Deprest JA, Nicolaides K, Gratacos E.","Fetal Diagn Ther. 2011;29(1):6-17. doi: 10.1159/000322844. Epub 2011 Feb 3.","Deprest JA","Fetal Diagn Ther","2011","2011/02/18","","","10.1159/000322844"
"35676616","New challenges of fetal therapy in Japan","Wada S, Ozawa K, Sago H.","J Obstet Gynaecol Res. 2022 Aug;48(8):2100-2111. doi: 10.1111/jog.15320. Epub 2022 Jun 8.","Wada S","J Obstet Gynaecol Res","2022","2022/06/08","PMC9544758","","10.1111/jog.15320"
"19950374","Two new approaches in intrauterine tracheal occlusion using an ultrathin fetoscope","Tchirikov M, Gatopoulos G, Strohner M, Puhl A, Steetskamp J.","Laryngoscope. 2010 Feb;120(2):394-8. doi: 10.1002/lary.20687.","Tchirikov M","Laryngoscope","2010","2009/12/02","","","10.1002/lary.20687"
"36411675","Obstetric outcomes after fetal intervention - a single-center descriptive review","Narang K, Ibirogba ER, Sangi-Haghpeykar H, Ruano R.","J Matern Fetal Neonatal Med. 2022 Dec;35(25):7102-7108. doi: 10.1080/14767058.2021.1943658. Epub 2021 Jul 11.","Narang K","J Matern Fetal Neonatal Med","2022","2022/11/22","","","10.1080/14767058.2021.1943658"
"25101597","Fetal surgery: an overview","Sala P, Prefumo F, Pastorino D, Buffi D, Gaggero CR, Foppiano M, De Biasio P.","Obstet Gynecol Surv. 2014 Apr;69(4):218-28. doi: 10.1097/OGX.0000000000000061.","Sala P","Obstet Gynecol Surv","2014","2014/08/08","","","10.1097/OGX.0000000000000061"
"29127956","Minimally Invasive Fetal Surgery","Graves CE, Harrison MR, Padilla BE.","Clin Perinatol. 2017 Dec;44(4):729-751. doi: 10.1016/j.clp.2017.08.001. Epub 2017 Sep 23.","Graves CE","Clin Perinatol","2017","2017/11/13","","","10.1016/j.clp.2017.08.001"
"24839151","Tracheal occlusion for fetal diaphragmatic hernia","Snowise S, Johnson A.","Am J Perinatol. 2014 Aug;31(7):605-16. doi: 10.1055/s-0034-1373842. Epub 2014 May 16.","Snowise S","Am J Perinatol","2014","2014/05/20","","","10.1055/s-0034-1373842"
"30447809","Fetal Surgery and Delayed Cord Clamping: Neonatal Implications","Frank KM.","Crit Care Nurs Clin North Am. 2018 Dec;30(4):499-507. doi: 10.1016/j.cnc.2018.07.006. Epub 2018 Oct 16.","Frank KM","Crit Care Nurs Clin North Am","2018","2018/11/19","","","10.1016/j.cnc.2018.07.006"
"33012007","Safety and efficacy of smart tracheal occlusion device in diaphragmatic hernia lamb model","Basurto D, Sananès N, Bleeser T, Valenzuela I, De Leon N, Joyeux L, Verbeken E, Vergote S, Van der Veeken L, Russo FM, Deprest J.","Ultrasound Obstet Gynecol. 2021 Jan;57(1):105-112. doi: 10.1002/uog.23135.","Basurto D","Ultrasound Obstet Gynecol","2021","2020/10/04","PMC7613565","EMS152838","10.1002/uog.23135"
"22682380","Advances in prenatal diagnosis and treatment of congenital diaphragmatic hernia","Shue EH, Miniati D, Lee H.","Clin Perinatol. 2012 Jun;39(2):289-300. doi: 10.1016/j.clp.2012.04.005.","Shue EH","Clin Perinatol","2012","2012/06/12","","","10.1016/j.clp.2012.04.005"
"28641751","Fetal imaging and therapy for CDH-Current status","Oluyomi-Obi T, Van Mieghem T, Ryan G.","Semin Pediatr Surg. 2017 Jun;26(3):140-146. doi: 10.1053/j.sempedsurg.2017.04.002. Epub 2017 Apr 25.","Oluyomi-Obi T","Semin Pediatr Surg","2017","2017/06/24","","","10.1053/j.sempedsurg.2017.04.002"
"36011090","Antenatal Assessment of the Prognosis of Congenital Diaphragmatic Hernia: Ethical Considerations and Impact for the Management","Le Duc K, Mur S, Sharma D, Sfeir R, Vaast P, Boukhris MR, Benachi A, Storme L.","Healthcare (Basel). 2022 Jul 30;10(8):1433. doi: 10.3390/healthcare10081433.","Le Duc K","Healthcare (Basel)","2022","2022/08/26","PMC9408048","","10.3390/healthcare10081433"
"26123013","[Fetal therapy and fetoscopy: A reality in clinical practice in 2015]","Garabedian C, Jouannic JM, Benachi A, Sénat MV, Favre R, Houfflin-Debarge V.","J Gynecol Obstet Biol Reprod (Paris). 2015 Sep;44(7):597-604. doi: 10.1016/j.jgyn.2015.06.003. Epub 2015 Jun 27.","Garabedian C","J Gynecol Obstet Biol Reprod (Paris)","2015","2015/07/01","","","10.1016/j.jgyn.2015.06.003"
"26611822","Prenatal interventions for congenital diaphragmatic hernia for improving outcomes","Grivell RM, Andersen C, Dodd JM.","Cochrane Database Syst Rev. 2015 Nov 27;2015(11):CD008925. doi: 10.1002/14651858.CD008925.pub2.","Grivell RM","Cochrane Database Syst Rev","2015","2015/11/28","PMC8947621","","10.1002/14651858.CD008925.pub2"
"23093990","Intrauterine surgery--choices and limitations","Diemert A, Diehl W, Glosemeyer P, Deprest J, Hecher K.","Dtsch Arztebl Int. 2012 Sep;109(38):603-38. doi: 10.3238/arztebl.2012.0603. Epub 2012 Sep 21.","Diemert A","Dtsch Arztebl Int","2012","2012/10/25","PMC3471263","","10.3238/arztebl.2012.0603"
"18458545","Fetal surgery for anesthesiologists","Deprest JA, Done E, Van Mieghem T, Gucciardo L.","Curr Opin Anaesthesiol. 2008 Jun;21(3):298-307. doi: 10.1097/ACO.0b013e3282ff8607.","Deprest JA","Curr Opin Anaesthesiol","2008","2008/05/07","","","10.1097/ACO.0b013e3282ff8607"
"21742241","[Congenital diaphragmatic hernia: antenatal care]","Benachi A, Saada J, Martinovic J, de Lagausie P, Storme L, Jani J.","Rev Mal Respir. 2011 Jun;28(6):800-8. doi: 10.1016/j.rmr.2010.12.011. Epub 2011 May 25.","Benachi A","Rev Mal Respir","2011","2011/07/12","","","10.1016/j.rmr.2010.12.011"
"35019149","Sonographic pulmonary response after tracheal occlusion in fetuses with severe isolated congenital diaphragmatic hernia","Trad ATA, Czeresnia R, Ibirogba E, Narang K, Ruano R.","J Clin Ultrasound. 2022 Feb;50(2):185-190. doi: 10.1002/jcu.23121. Epub 2022 Jan 12.","Trad ATA","J Clin Ultrasound","2022","2022/01/12","","","10.1002/jcu.23121"
"34132402","Impact of fetal endoscopic tracheal occlusion in fetuses with congenital diaphragmatic hernia and moderate lung hypoplasia","Cruz-Martínez R, Shazly S, Martínez-Rodríguez M, Gámez-Varela A, Luna-García J, Juárez-Martínez I, López-Briones H, Coronel-Cruz F, Villalobos-Gómez R, Ibarra-Rios D, Ordorica-Flores R, Nieto-Zermeño J.","Prenat Diagn. 2022 Mar;42(3):310-317. doi: 10.1002/pd.5988. Epub 2021 Jun 16.","Cruz-Martínez R","Prenat Diagn","2022","2021/06/16","","","10.1002/pd.5988"
"18082455","Prediction of outcome in isolated congenital diaphragmatic hernia and its consequences for fetal therapy","Gucciardo L, Deprest J, Done' E, Van Mieghem T, Van de Velde M, Gratacos E, Jani J, Peralta F, Nicolaides K.","Best Pract Res Clin Obstet Gynaecol. 2008 Feb;22(1):123-38. doi: 10.1016/j.bpobgyn.2007.08.006. Epub 2007 Dec 21.","Gucciardo L","Best Pract Res Clin Obstet Gynaecol","2008","2007/12/18","","","10.1016/j.bpobgyn.2007.08.006"
"16735838","Prenatal intervention for isolated congenital diaphragmatic hernia","Deprest J, Jani J, Cannie M, Debeer A, Vandevelde M, Done E, Gratacos E, Nicolaïdes K.","Curr Opin Obstet Gynecol. 2006 Jun;18(3):355-67. doi: 10.1097/01.gco.0000193000.12416.80.","Deprest J","Curr Opin Obstet Gynecol","2006","2006/06/01","","","10.1097/01.gco.0000193000.12416.80"
"16601482","Prenatal intervention for isolated congenital diaphragmatic hernia","Deprest J, Jani J, Cannie M, Debeer A, Vandevelde M, Done E, Gratacos E, Nicolaïdes K.","Curr Opin Obstet Gynecol. 2006 Apr;18(2):203-15. doi: 10.1097/01.gco.0000193000.12416.80.","Deprest J","Curr Opin Obstet Gynecol","2006","2006/04/08","","","10.1097/01.gco.0000193000.12416.80"
"16050528","Fetal surgery for congenital diaphragmatic hernia: the North American experience","Cass DL.","Semin Perinatol. 2005 Apr;29(2):104-11. doi: 10.1053/j.semperi.2005.04.010.","Cass DL","Semin Perinatol","2005","2005/07/30","","","10.1053/j.semperi.2005.04.010"
"32324666","Fetal anesthesia: intrauterine therapies and immediate postnatal anesthesia for noncardiac surgical interventions","Nelson O, Simpao AF, Tran KM, Lin EE.","Curr Opin Anaesthesiol. 2020 Jun;33(3):368-373. doi: 10.1097/ACO.0000000000000862.","Nelson O","Curr Opin Anaesthesiol","2020","2020/04/24","","","10.1097/ACO.0000000000000862"
"23395144","Management of prenatally diagnosed congenital diaphragmatic hernia","Hedrick HL.","Semin Pediatr Surg. 2013 Feb;22(1):37-43. doi: 10.1053/j.sempedsurg.2012.10.007.","Hedrick HL","Semin Pediatr Surg","2013","2013/02/12","","","10.1053/j.sempedsurg.2012.10.007"
"14533889","Congenital diaphragmatic hernia: advances in prenatal therapy","Sydorak RM, Harrison MR.","Clin Perinatol. 2003 Sep;30(3):465-79. doi: 10.1016/s0095-5108(03)00057-5.","Sydorak RM","Clin Perinatol","2003","2003/10/10","","","10.1016/s0095-5108(03)00057-5"
"32028510","Fetoscopic Tracheal Occlusion for Severe Congenital Diaphragmatic Hernia: The State of the Evidence","Thom EA.","Obstet Gynecol. 2020 Mar;135(3):509-510. doi: 10.1097/AOG.0000000000003732.","Thom EA","Obstet Gynecol","2020","2020/02/07","","","10.1097/AOG.0000000000003732"
"25447987","Prenatal management of the fetus with isolated congenital diaphragmatic hernia in the era of the TOTAL trial","Deprest J, Brady P, Nicolaides K, Benachi A, Berg C, Vermeesch J, Gardener G, Gratacos E.","Semin Fetal Neonatal Med. 2014 Dec;19(6):338-48. doi: 10.1016/j.siny.2014.09.006. Epub 2014 Nov 11.","Deprest J","Semin Fetal Neonatal Med","2014","2014/12/03","","","10.1016/j.siny.2014.09.006"
"29937007","Fetal tracheal occlusion in mice: a novel transuterine method","Aydin E, Joshi R, Oria M, Varisco BM, Lim FY, Peiro JL.","J Surg Res. 2018 Sep;229:311-315. doi: 10.1016/j.jss.2018.04.028. Epub 2018 May 10.","Aydin E","J Surg Res","2018","2018/06/26","PMC6387659","NIHMS1007291","10.1016/j.jss.2018.04.028"
"14530115","Prenatal surgery for congenital diaphragmatic hernia","Au-Yeung JY, Chan KL.","Asian J Surg. 2003 Oct;26(4):240-3. doi: 10.1016/S1015-9584(09)60314-6.","Au-Yeung JY","Asian J Surg","2003","2003/10/08","","","10.1016/S1015-9584(09)60314-6"
"34189104","Fetal endoscopic tracheal occlusion for congenital diaphragmatic hernia: a narrative review of the history, current practice, and future directions","Perrone EE, Deprest JA.","Transl Pediatr. 2021 May;10(5):1448-1460. doi: 10.21037/tp-20-130.","Perrone EE","Transl Pediatr","2021","2021/06/30","PMC8192998","","10.21037/tp-20-130"
"29577352","Retinoic acid and tracheal occlusion for diaphragmatic hernia treatment in rabbit fetuses","Delabaere A, Blanchon L, Coste K, Clairefond G, Belville C, Blanc P, Marceau G, Sapin V, Gallot D.","Prenat Diagn. 2018 Jun;38(7):482-492. doi: 10.1002/pd.5256.","Delabaere A","Prenat Diagn","2018","2018/03/27","","","10.1002/pd.5256"
"16050527","Fetal intervention for congenital diaphragmatic hernia: the European experience","Deprest J, Jani J, Gratacos E, Vandecruys H, Naulaers G, Delgado J, Greenough A, Nicolaides K; FETO Task Group.","Semin Perinatol. 2005 Apr;29(2):94-103. doi: 10.1053/j.semperi.2005.04.006.","Deprest J","Semin Perinatol","2005","2005/07/30","","","10.1053/j.semperi.2005.04.006"
"18634116","Prenatal diagnosis, prediction of outcome and in utero therapy of isolated congenital diaphragmatic hernia","Doné E, Gucciardo L, Van Mieghem T, Jani J, Cannie M, Van Schoubroeck D, Devlieger R, Catte LD, Klaritsch P, Mayer S, Beck V, Debeer A, Gratacos E, Nicolaides K, Deprest J.","Prenat Diagn. 2008 Jul;28(7):581-91. doi: 10.1002/pd.2033.","Doné E","Prenat Diagn","2008","2008/07/18","","","10.1002/pd.2033"
"35865706","The Cellular and Molecular Effects of Fetoscopic Endoluminal Tracheal Occlusion in Congenital Diaphragmatic Hernia","Olutoye Ii OO, Short WD, Gilley J, Hammond Ii JD, Belfort MA, Lee TC, King A, Espinoza J, Joyeux L, Lingappan K, Gleghorn JP, Keswani SG.","Front Pediatr. 2022 Jul 5;10:925106. doi: 10.3389/fped.2022.925106. eCollection 2022.","Olutoye Ii OO","Front Pediatr","2022","2022/07/22","PMC9294219","","10.3389/fped.2022.925106"
"30640410","Fetal endoscopic tracheal occlusion reduces pulmonary hypertension in severe congenital diaphragmatic hernia","Style CC, Olutoye OO, Belfort MA, Ayres NA, Cruz SM, Lau PE, Shamshirsaz AA, Lee TC, Olutoye OA, Fernandes CJ, Cortes MS, Keswani SG, Espinoza J.","Ultrasound Obstet Gynecol. 2019 Dec;54(6):752-758. doi: 10.1002/uog.20216. Epub 2019 Nov 4.","Style CC","Ultrasound Obstet Gynecol","2019","2019/01/15","","","10.1002/uog.20216"
"21294135","New and/or improved aspects of fetal surgery","Luks FI.","Prenat Diagn. 2011 Mar;31(3):252-8. doi: 10.1002/pd.2706. Epub 2011 Feb 4.","Luks FI","Prenat Diagn","2011","2011/02/05","","","10.1002/pd.2706"
"24580764","Congenital diaphragmatic hernia: treatment and outcomes","Badillo A, Gingalewski C.","Semin Perinatol. 2014 Mar;38(2):92-6. doi: 10.1053/j.semperi.2013.11.005.","Badillo A","Semin Perinatol","2014","2014/03/04","","","10.1053/j.semperi.2013.11.005"
"16481263","Current consequences of prenatal diagnosis of congenital diaphragmatic hernia","Deprest J, Jani J, Van Schoubroeck D, Cannie M, Gallot D, Dymarkowski S, Fryns JP, Naulaers G, Gratacos E, Nicolaides K.","J Pediatr Surg. 2006 Feb;41(2):423-30. doi: 10.1016/j.jpedsurg.2005.11.036.","Deprest J","J Pediatr Surg","2006","2006/02/17","","","10.1016/j.jpedsurg.2005.11.036"
"20572114","The making of fetal surgery","Deprest JA, Flake AW, Gratacos E, Ville Y, Hecher K, Nicolaides K, Johnson MP, Luks FI, Adzick NS, Harrison MR.","Prenat Diagn. 2010 Jul;30(7):653-67. doi: 10.1002/pd.2571.","Deprest JA","Prenat Diagn","2010","2010/06/24","","","10.1002/pd.2571"
"12557040","Congenital diaphragmatic hernia: advances in prenatal therapy","Sydorak RM, Harrison MR.","World J Surg. 2003 Jan;27(1):68-76. doi: 10.1007/s00268-002-6739-0.","Sydorak RM","World J Surg","2003","2003/01/31","","","10.1007/s00268-002-6739-0"
"35838786","Fetal endoscopic tracheal occlusion for moderate and severe congenital diaphragmatic hernia: a systematic review and meta-analysis of randomized controlled trials","Li Q, Liu S, Ma X, Yu J.","Pediatr Surg Int. 2022 Sep;38(9):1217-1226. doi: 10.1007/s00383-022-05170-7. Epub 2022 Jul 15.","Li Q","Pediatr Surg Int","2022","2022/07/15","","","10.1007/s00383-022-05170-7"
"27951457","Radiologic assessment of fetal tracheal balloon occlusion","Jordan EJ, Feldstein VA, Moses W, Phelps AS.","Clin Imaging. 2017 Mar-Apr;42:113-118. doi: 10.1016/j.clinimag.2016.11.017. Epub 2016 Dec 1.","Jordan EJ","Clin Imaging","2017","2016/12/13","","","10.1016/j.clinimag.2016.11.017"
"19300340","Maternal-fetal surgery: where are we and how did we get here?","Chescheir NC.","Obstet Gynecol. 2009 Mar;113(3):717-731. doi: 10.1097/AOG.0b013e318197c28f.","Chescheir NC","Obstet Gynecol","2009","2009/03/21","","","10.1097/AOG.0b013e318197c28f"
"28267443","Balloon removal after fetoscopic endoluminal tracheal occlusion for congenital diaphragmatic hernia","Jiménez JA, Eixarch E, DeKoninck P, Bennini JR, Devlieger R, Peralta CF, Gratacos E, Deprest J.","Am J Obstet Gynecol. 2017 Jul;217(1):78.e1-78.e11. doi: 10.1016/j.ajog.2017.02.041. Epub 2017 Mar 3.","Jiménez JA","Am J Obstet Gynecol","2017","2017/03/08","","","10.1016/j.ajog.2017.02.041"
"27279014","Congenital diaphragmatic hernia-influence of fetoscopic tracheal occlusion on outcomes and predictors of survival","Ali K, Bendapudi P, Polubothu S, Andradi G, Ofuya M, Peacock J, Hickey A, Davenport M, Nicolaides K, Greenough A.","Eur J Pediatr. 2016 Aug;175(8):1071-6. doi: 10.1007/s00431-016-2742-6. Epub 2016 Jun 8.","Ali K","Eur J Pediatr","2016","2016/06/10","","","10.1007/s00431-016-2742-6"
"18586473","[Antenatal treatment of congenital diaphragmatic hernia: an update]","Mitanchez D.","Arch Pediatr. 2008 Aug;15(8):1320-5. doi: 10.1016/j.arcped.2008.04.034. Epub 2008 Jun 30.","Mitanchez D","Arch Pediatr","2008","2008/07/01","","","10.1016/j.arcped.2008.04.034"
"33817814","Interrater agreement for sonographic stomach position classification in fetal diaphragmatic hernia across the North American Fetal Therapy Network","Abbasi N, Ryan G, Ruano R, Sanz Cortes M, Ye XY, Shah PS, Filly R, Benachi A, Johnson A; NAFTNet.","Prenat Diagn. 2022 Mar;42(3):348-356. doi: 10.1002/pd.5949. Epub 2021 Apr 24.","Abbasi N","Prenat Diagn","2022","2021/04/05","","","10.1002/pd.5949"
"12694962","Minimal access fetal surgery","Danzer E, Sydorak RM, Harrison MR, Albanese CT.","Eur J Obstet Gynecol Reprod Biol. 2003 May 1;108(1):3-13. doi: 10.1016/s0301-2115(02)00421-9.","Danzer E","Eur J Obstet Gynecol Reprod Biol","2003","2003/04/16","","","10.1016/s0301-2115(02)00421-9"
"20020380","[Fetoscopic surgery as prenatal intervention for isolated congenital diaphragmatic hernia]","Mayer S, Kluth D, Till H, Deprest J.","Zentralbl Chir. 2009 Dec;134(6):502-6. doi: 10.1055/s-0029-1224604. Epub 2009 Dec 17.","Mayer S","Zentralbl Chir","2009","2009/12/19","","","10.1055/s-0029-1224604"
"21063073","Prenatal anatomical imaging in fetuses with congenital diaphragmatic hernia","Claus F, Sandaite I, DeKoninck P, Moreno O, Cruz Martinez R, Van Mieghem T, Gucciardo L, Richter J, Michielsen K, Decraene J, Devlieger R, Gratacos E, Deprest JA.","Fetal Diagn Ther. 2011;29(1):88-100. doi: 10.1159/000320605. Epub 2010 Nov 9.","Claus F","Fetal Diagn Ther","2011","2010/11/11","","","10.1159/000320605"
"30244491","Reproducibility of Liver-to-Thorax Area Ratio Ultrasound Measurements in Congenital Diaphragmatic Hernia","Novoa Y Novoa VA, Sutton LF, Neis AE, Marroquin AM, Coleman TM, Praska KA, Freimund TA, Ruka KL, Warzala VL, Sangi-Haghpeykar H, Ruano R.","J Ultrasound Med. 2019 Jun;38(6):1477-1482. doi: 10.1002/jum.14826. Epub 2018 Sep 23.","Novoa Y Novoa VA","J Ultrasound Med","2019","2018/09/24","","","10.1002/jum.14826"
"34115536","Role of Imaging in Obstetric Interventions: Criteria, Considerations, and Complications","Jha P, Feldstein VA, Revzin MV, Katz DS, Moshiri M.","Radiographics. 2021 Jul-Aug;41(4):1243-1264. doi: 10.1148/rg.2021200163. Epub 2021 Jun 11.","Jha P","Radiographics","2021","2021/06/11","","","10.1148/rg.2021200163"
"26910202","Fetal Tracheal Occlusion for Severe Pulmonary Hypoplasia in Isolated Congenital Diaphragmatic Hernia: A Systematic Review and Meta-analysis of Survival","Al-Maary J, Eastwood MP, Russo FM, Deprest JA, Keijzer R.","Ann Surg. 2016 Dec;264(6):929-933. doi: 10.1097/SLA.0000000000001675.","Al-Maary J","Ann Surg","2016","2016/02/25","","","10.1097/SLA.0000000000001675"
"31089883","Outcomes of infants with congenital diaphragmatic hernia by side of defect in the FETO era","Ali K, Dassios T, Khaliq SA, Williams EE, Tamura K, Davenport M, Greenough A.","Pediatr Surg Int. 2019 Jul;35(7):743-747. doi: 10.1007/s00383-019-04484-3. Epub 2019 May 14.","Ali K","Pediatr Surg Int","2019","2019/05/16","","","10.1007/s00383-019-04484-3"
"20209262","[Intrauterine fetal abnormalities therapy]","Sbragia L.","Rev Bras Ginecol Obstet. 2010 Jan;32(1):47-54. doi: 10.1590/s0100-72032010000100008.","Sbragia L","Rev Bras Ginecol Obstet","2010","2010/03/09","","","10.1590/s0100-72032010000100008"
"27926636","Feasibility and Outcomes of Fetoscopic Tracheal Occlusion for Severe Left Diaphragmatic Hernia","Belfort MA, Olutoye OO, Cass DL, Olutoye OA, Cassady CI, Mehollin-Ray AR, Shamshirsaz AA, Cruz SM, Lee TC, Mann DG, Espinoza J, Welty SE, Fernandes CJ, Ruano R.","Obstet Gynecol. 2017 Jan;129(1):20-29. doi: 10.1097/AOG.0000000000001749.","Belfort MA","Obstet Gynecol","2017","2016/12/08","","","10.1097/AOG.0000000000001749"
"9509543","Operative fetoscopy: new perspective in fetal therapy?","Deprest JA, Lerut TE, Vandenberghe K.","Prenat Diagn. 1997 Dec;17(13):1247-60.","Deprest JA","Prenat Diagn","1997","1998/03/24","","",""
"22786994","Fetal MR imaging of congenital diaphragmatic hernia","Mehollin-Ray AR, Cassady CI, Cass DL, Olutoye OO.","Radiographics. 2012 Jul-Aug;32(4):1067-84. doi: 10.1148/rg.324115155.","Mehollin-Ray AR","Radiographics","2012","2012/07/13","","","10.1148/rg.324115155"
"32924187","Fetal endoscopic tracheal occlusion reverses the natural history of right-sided congenital diaphragmatic hernia: European multicenter experience","Russo FM, Cordier AG, Basurto D, Salazar L, Litwinska E, Gomez O, Debeer A, Nevoux J, Patel S, Lewi L, Pertierra A, Aertsen M, Gratacos E, Nicolaides KH, Benachi A, Deprest J.","Ultrasound Obstet Gynecol. 2021 Mar;57(3):378-385. doi: 10.1002/uog.23115.","Russo FM","Ultrasound Obstet Gynecol","2021","2020/09/14","","","10.1002/uog.23115"
"25448510","Long-term neurologic outcomes after common fetal interventions","Gebb J, Dar P, Rosner M, Evans MI.","Am J Obstet Gynecol. 2015 Apr;212(4):527.e1-9. doi: 10.1016/j.ajog.2014.10.1092. Epub 2014 Oct 30.","Gebb J","Am J Obstet Gynecol","2015","2014/12/03","","","10.1016/j.ajog.2014.10.1092"
"27486655","Fetoscopic Endoluminal Tracheal Occlusion in Fetuses with Severe Diaphragmatic Hernia: A Three-Year Single-Center Experience","Persico N, Fabietti I, Ciralli F, Gentilino V, D'Ambrosi F, Boito S, Ossola MW, Colnaghi M, Condò V, Macchini F, Leva E, Mosca F, Fedele L.","Fetal Diagn Ther. 2017;41(3):215-219. doi: 10.1159/000448096. Epub 2016 Aug 4.","Persico N","Fetal Diagn Ther","2017","2016/08/04","","","10.1159/000448096"
"28629240","Foetoscopic endotracheal occlusion (FETO) for severe isolated left-sided congenital diaphragmatic hernia: single center Polish experience","Kosinski P, Wielgos M.","J Matern Fetal Neonatal Med. 2018 Oct;31(19):2521-2526. doi: 10.1080/14767058.2017.1344969. Epub 2017 Jul 4.","Kosinski P","J Matern Fetal Neonatal Med","2018","2017/06/21","","","10.1080/14767058.2017.1344969"
"36647616","Plugging membranes after fetoscopy in congenital diaphragmatic hernia pregnancy: early cost-effectiveness analysis","Janssen J, van Drongelen J, Daamen WF, Grutters J.","Ultrasound Obstet Gynecol. 2023 Jan 16. doi: 10.1002/uog.26163. Online ahead of print.","Janssen J","Ultrasound Obstet Gynecol","2023","2023/01/17","","","10.1002/uog.26163"
"30861154","Evaluation of a new balloon for fetal endoscopic tracheal occlusion in the nonhuman primate model","Sananès N, Regnard P, Mottet N, Miry C, Fellmann L, Haelewyn L, Delaine M, Schneider A, Debry C, Favre R.","Prenat Diagn. 2019 Apr;39(5):403-408. doi: 10.1002/pd.5445. Epub 2019 Apr 15.","Sananès N","Prenat Diagn","2019","2019/03/13","","","10.1002/pd.5445"
"20926849","Surgical management of the newborn with congenital diaphragmatic hernia","Tsao K, Lally KP.","Fetal Diagn Ther. 2011;29(1):46-54. doi: 10.1159/000320244. Epub 2010 Oct 7.","Tsao K","Fetal Diagn Ther","2011","2010/10/08","","","10.1159/000320244"
"23203341","[Manifestation of a congenital diaphragmatic hernia and molecular pathogenesis]","Gortner L.","Klin Padiatr. 2012 Nov;224(7):429-30. doi: 10.1055/s-0032-1329994. Epub 2012 Nov 30.","Gortner L","Klin Padiatr","2012","2012/12/04","","","10.1055/s-0032-1329994"
"27157206","[Fetoscopic tracheal occlusion for severe congenital diaphragmatic hernia: retrospective study]","Braga AFA, da Silva Braga FS, Nascimento SP, Verri B, Peralta FC, Bennini Junior J, Jorge K.","Rev Bras Anestesiol. 2017 Jul-Aug;67(4):331-336. doi: 10.1016/j.bjan.2015.12.010. Epub 2016 May 4.","Braga AFA","Rev Bras Anestesiol","2017","2016/05/10","","","10.1016/j.bjan.2015.12.010"
"32212880","Prenatal prediction of postnatal survival in fetuses with congenital diaphragmatic hernia using MRI: lung volume measurement, signal intensity ratio, and effect of experience","Dütemeyer V, Cordier AG, Cannie MM, Bevilacqua E, Huynh V, Houfflin-Debarge V, Verpillat P, Olivier C, Benachi A, Jani JC.","J Matern Fetal Neonatal Med. 2022 Mar;35(6):1036-1044. doi: 10.1080/14767058.2020.1740982. Epub 2020 Mar 25.","Dütemeyer V","J Matern Fetal Neonatal Med","2022","2020/03/28","","","10.1080/14767058.2020.1740982"
"29329576","Spontaneous prematurity in fetuses with congenital diaphragmatic hernia: a retrospective cohort study about prenatal predictive factors","Barbosa BML, Rodrigues AS, Carvalho MHB, Bittar RE, Francisco RPV, Bernardes LS.","BMC Pregnancy Childbirth. 2018 Jan 12;18(1):27. doi: 10.1186/s12884-017-1652-6.","Barbosa BML","BMC Pregnancy Childbirth","2018","2018/01/14","PMC5767016","","10.1186/s12884-017-1652-6"
"19231524","Congenital diaphragmatic hernia: prognostic indices in the fetal endoluminal tracheal occlusion era","Sinha CK, Islam S, Patel S, Nicolaides K, Greenough A, Davenport M.","J Pediatr Surg. 2009 Feb;44(2):312-6. doi: 10.1016/j.jpedsurg.2008.10.078.","Sinha CK","J Pediatr Surg","2009","2009/02/24","","","10.1016/j.jpedsurg.2008.10.078"
"29770109","Fetoscopic endoluminal tracheal occlusion and reestablishment of fetal airways for congenital diaphragmatic hernia","Van der Veeken L, Russo FM, De Catte L, Gratacos E, Benachi A, Ville Y, Nicolaides K, Berg C, Gardener G, Persico N, Bagolan P, Ryan G, Belfort MA, Deprest J.","Gynecol Surg. 2018;15(1):9. doi: 10.1186/s10397-018-1041-9. Epub 2018 May 8.","Van der Veeken L","Gynecol Surg","2018","2018/05/18","PMC5940711","","10.1186/s10397-018-1041-9"
"32028493","Single-Center Outcome of Fetoscopic Tracheal Balloon Occlusion for Severe Congenital Diaphragmatic Hernia","Baschat AA, Rosner M, Millard SE, Murphy JD, Blakemore KJ, Keiser AM, Kearney J, Bullard J, Nogee LM, Bembea M, Jelin EB, Miller JL.","Obstet Gynecol. 2020 Mar;135(3):511-521. doi: 10.1097/AOG.0000000000003692.","Baschat AA","Obstet Gynecol","2020","2020/02/07","","","10.1097/AOG.0000000000003692"
"30889717","An injectable, degradable hydrogel plug for tracheal occlusion in congenital diaphragmatic hernia (CDH)","Campiglio CE, Villonio M, Dellacà RL, Mosca F, Draghi L.","Mater Sci Eng C Mater Biol Appl. 2019 Jun;99:430-439. doi: 10.1016/j.msec.2019.01.047. Epub 2019 Jan 14.","Campiglio CE","Mater Sci Eng C Mater Biol Appl","2019","2019/03/21","","","10.1016/j.msec.2019.01.047"
"26850832","Myocardial effects of fetal endoscopic tracheal occlusion in lambs with CDH","Zambaiti E, Bussani R, Calcaterra V, Zandonà L, Silvestri F, Peiró JL, Marotta M, Andreatta E, Pelizzo G.","Prenat Diagn. 2016 Apr;36(4):362-7. doi: 10.1002/pd.4789. Epub 2016 Feb 28.","Zambaiti E","Prenat Diagn","2016","2016/02/07","","","10.1002/pd.4789"
"17510770","Fetal tracheal occlusion for the treatment of congenital diaphragmatic hernia","Laberge JM, Flageole H.","World J Surg. 2007 Aug;31(8):1577-86. doi: 10.1007/s00268-007-9074-7. Epub 2007 May 18.","Laberge JM","World J Surg","2007","2007/05/19","","","10.1007/s00268-007-9074-7"
"35680463","Postnatal care setting and survival after fetoscopic tracheal occlusion for severe congenital diaphragmatic hernia: A systematic review and meta-analysis","Sferra SR, Miller JL, Cortes M S, Belfort MA, Cruz-Martínez R, Kunisaki SM, Baschat AA.","J Pediatr Surg. 2022 Dec;57(12):819-825. doi: 10.1016/j.jpedsurg.2022.05.011. Epub 2022 May 19.","Sferra SR","J Pediatr Surg","2022","2022/06/09","","","10.1016/j.jpedsurg.2022.05.011"
"19658113","Severe diaphragmatic hernia treated by fetal endoscopic tracheal occlusion","Jani JC, Nicolaides KH, Gratacós E, Valencia CM, Doné E, Martinez JM, Gucciardo L, Cruz R, Deprest JA.","Ultrasound Obstet Gynecol. 2009 Sep;34(3):304-10. doi: 10.1002/uog.6450.","Jani JC","Ultrasound Obstet Gynecol","2009","2009/08/07","","","10.1002/uog.6450"
"35920560","Proteomic Profiling of Hypoplastic Lungs Suggests an Underlying Inflammatory Response in the Pathogenesis of Abnormal Lung Development in Congenital Diaphragmatic Hernia","Wagner R, Lieckfeldt P, Piyadasa H, Markel M, Riedel J, Stefanovici C, Peukert N, Patel D, Derraugh G, Min SL, Gosemann JH, Deprest J, Pascoe CD, Tse A, Lacher M, Mookherjee N, Keijzer R.","Ann Surg. 2022 Aug 3. doi: 10.1097/SLA.0000000000005656. Online ahead of print.","Wagner R","Ann Surg","2022","2022/08/03","","","10.1097/SLA.0000000000005656"
"22644455","Tracheobronchomegaly following intrauterine tracheal occlusion for congenital diaphragmatic hernia","Enriquez G, Cadavid L, Garcés-Iñigo E, Castellote A, Piqueras J, Peiró JL, Carreras E.","Pediatr Radiol. 2012 Aug;42(8):916-22. doi: 10.1007/s00247-012-2362-x. Epub 2012 May 29.","Enriquez G","Pediatr Radiol","2012","2012/05/31","","","10.1007/s00247-012-2362-x"
"34247165","Do Serial Sonographic Assessments of Fetuses with Isolated Congenital Diaphragmatic Hernia Help Us Predict Survival?","Furman Y, Gavri-Beker A, Miller TE, Bilik R, Rosenblat O, Avnet H, Lipitz S, Yinon Y, Strauss T, Weisz B.","Fetal Diagn Ther. 2021;48(6):421-429. doi: 10.1159/000515693. Epub 2021 Jul 9.","Furman Y","Fetal Diagn Ther","2021","2021/07/11","","","10.1159/000515693"
"19508989","Evidence and patterns in lung response after fetal tracheal occlusion: clinical controlled study","Cannie MM, Jani JC, De Keyzer F, Allegaert K, Dymarkowski S, Deprest J.","Radiology. 2009 Aug;252(2):526-33. doi: 10.1148/radiol.2522081955. Epub 2009 Jun 9.","Cannie MM","Radiology","2009","2009/06/11","","","10.1148/radiol.2522081955"
"33913757","Stereological Lung Parameters After Fetoscopic Abdominal Decompression of Congenital Diaphragmatic Hernia in an Ovine Model: A Pilot Study","Bergholz R, Fromm F, Meinzer A, Muehlfeld C, Boettcher M, Wenke K, Tiemann B, Reinshagen K, Krebs T.","J Laparoendosc Adv Surg Tech A. 2021 Jun;31(6):712-718. doi: 10.1089/lap.2020.0954. Epub 2021 Apr 28.","Bergholz R","J Laparoendosc Adv Surg Tech A","2021","2021/04/29","","","10.1089/lap.2020.0954"
"31603859","The use of atosiban prolongs pregnancy in patients treated with fetoscopic endotracheal occlusion (FETO)","Kosinski P, Luterek K, Lipa M, Wielgos M.","J Perinat Med. 2019 Nov 26;47(9):910-914. doi: 10.1515/jpm-2019-0144.","Kosinski P","J Perinat Med","2019","2019/10/12","","","10.1515/jpm-2019-0144"
"24595910","[Prenatal diagnosis of and therapy for congenital diaphragmatic hernia]","Ritgen J, Kohl T, Enzensberger C, Axt-Fliedner R, Schaible T, Stressig R.","Z Geburtshilfe Neonatol. 2014 Feb;218(1):6-17. doi: 10.1055/s-0034-1367041. Epub 2014 Mar 4.","Ritgen J","Z Geburtshilfe Neonatol","2014","2014/03/06","","","10.1055/s-0034-1367041"
"29080897","Congenital Diaphragmatic Hernia: 10-Year Evaluation of Survival, Extracorporeal Membrane Oxygenation, and Foetoscopic Endotracheal Occlusion in Four High-Volume Centres","Snoek KG, Greenough A, van Rosmalen J, Capolupo I, Schaible T, Ali K, Wijnen RM, Tibboel D.","Neonatology. 2018;113(1):63-68. doi: 10.1159/000480451. Epub 2017 Oct 28.","Snoek KG","Neonatology","2018","2017/10/30","","","10.1159/000480451"
"20154616","Indications and outcomes of intrauterine surgery for fetal malformations","Rossi AC.","Curr Opin Obstet Gynecol. 2010 Apr;22(2):159-65. doi: 10.1097/GCO.0b013e3283374ab5.","Rossi AC","Curr Opin Obstet Gynecol","2010","2010/02/16","","","10.1097/GCO.0b013e3283374ab5"
"19913467","Fetal surgery is a clinical reality","Deprest JA, Devlieger R, Srisupundit K, Beck V, Sandaite I, Rusconi S, Claus F, Naulaers G, Van de Velde M, Brady P, Devriendt K, Vermeesch J, Toelen J, Carlon M, Debyser Z, De Catte L, Lewi L.","Semin Fetal Neonatal Med. 2010 Feb;15(1):58-67. doi: 10.1016/j.siny.2009.10.002. Epub 2009 Nov 13.","Deprest JA","Semin Fetal Neonatal Med","2010","2009/11/17","","","10.1016/j.siny.2009.10.002"
"24372875","Fetoscopic endoluminal tracheal occlusion (FETO) for congenital diaphragmatic hernia in Australia and New Zealand: are we willing, able, both or neither?","Cundy TP, Gardener GJ, Andersen CC, Kirby CP, McBride CA, Teague WJ.","J Paediatr Child Health. 2014 Mar;50(3):226-33. doi: 10.1111/jpc.12457. Epub 2013 Dec 23.","Cundy TP","J Paediatr Child Health","2014","2013/12/31","","","10.1111/jpc.12457"
"21851037","[Are in-utero interventions justified?--perspective of neonatologists. Part I. Congenital diaphragmatic hernia (CDH)]","Dabrowska K, Gadzinowski J.","Ginekol Pol. 2011 May;82(5):371-7.","Dabrowska K","Ginekol Pol","2011","2011/08/20","","",""
"24704300","Tracheomegaly in infants with severe congenital diaphragmatic hernia treated with fetal endoluminal tracheal occlusion","Zani A, Sellars M, Allen P, Tyraskis A, Nicolaides K, Greenough A, Patel S, Davenport M, Ade-Ajayi N.","J Pediatr. 2014 Jun;164(6):1311-5. doi: 10.1016/j.jpeds.2014.02.023. Epub 2014 Apr 3.","Zani A","J Pediatr","2014","2014/04/08","","","10.1016/j.jpeds.2014.02.023"
"27378767","Fertility, pregnancy and gynecological outcomes after fetoscopic surgery for congenital diaphragmatic hernia","Gregoir C, Engels AC, Gomez O, DeKoninck P, Lewi L, Gratacos E, Deprest JA.","Hum Reprod. 2016 Sep;31(9):2024-30. doi: 10.1093/humrep/dew160. Epub 2016 Jul 4.","Gregoir C","Hum Reprod","2016","2016/07/06","","","10.1093/humrep/dew160"
"19445376","[Recent developments in fetal surgery. Technical, organizational and ethical considerations]","Ville Y.","Bull Acad Natl Med. 2008 Nov;192(8):1611-21; discussion 1621-4.","Ville Y","Bull Acad Natl Med","2008","2009/05/19","","",""
"27522127","Procedure-Related Complications and Survival Following Fetoscopic Endotracheal Occlusion (FETO) for Severe Congenital Diaphragmatic Hernia: Systematic Review and Meta-Analysis in the FETO Era","Araujo Júnior E, Tonni G, Martins WP, Ruano R.","Eur J Pediatr Surg. 2017 Aug;27(4):297-305. doi: 10.1055/s-0036-1587331. Epub 2016 Aug 14.","Araujo Júnior E","Eur J Pediatr Surg","2017","2016/08/15","","","10.1055/s-0036-1587331"
"33074552","The TOTAL trial dilemma: A survey among professionals on equipoise regarding fetal therapy for severe congenital diaphragmatic hernia","Vergote S, Pizzolato D, Russo F, Dierickx K, Deprest J, Crombag N.","Prenat Diagn. 2021 Jan;41(2):179-189. doi: 10.1002/pd.5849. Epub 2020 Nov 5.","Vergote S","Prenat Diagn","2021","2020/10/19","PMC7613473","EMS152875","10.1002/pd.5849"
"20881369","Prognostic value of pulmonary Doppler to predict response to tracheal occlusion in fetuses with congenital diaphragmatic hernia","Cruz-Martinez R, Hernandez-Andrade E, Moreno-Alvarez O, Done E, Deprest J, Gratacos E.","Fetal Diagn Ther. 2011;29(1):18-24. doi: 10.1159/000320249. Epub 2010 Sep 29.","Cruz-Martinez R","Fetal Diagn Ther","2011","2010/10/01","","","10.1159/000320249"
"31189438","Ethical considerations of maternal-fetal intervention in a twin pregnancy discordant for anomalies","Riggan KA, Collura CA, Pittock ST, Ruano R, Whitford KJ, Allyse M.","J Matern Fetal Neonatal Med. 2021 Apr;34(8):1312-1317. doi: 10.1080/14767058.2019.1631793. Epub 2019 Jun 20.","Riggan KA","J Matern Fetal Neonatal Med","2021","2019/06/14","","","10.1080/14767058.2019.1631793"
"24075069","Design of a flexible fetoscopy manipulation system for congenital diaphragmatic hernia","Yao W, Elangovan H, Nicolaides K.","Med Eng Phys. 2014 Jan;36(1):32-8. doi: 10.1016/j.medengphy.2013.08.014. Epub 2013 Sep 24.","Yao W","Med Eng Phys","2014","2013/10/01","","","10.1016/j.medengphy.2013.08.014"
"10986450","Current experience with fetoscopy and the Eurofoetus registry for fetoscopic procedures","Gratacós E, Deprest J.","Eur J Obstet Gynecol Reprod Biol. 2000 Sep;92(1):151-9. doi: 10.1016/s0301-2115(00)00440-1.","Gratacós E","Eur J Obstet Gynecol Reprod Biol","2000","2000/09/15","","","10.1016/s0301-2115(00)00440-1"
"30728180","Effects of tracheal occlusion on the neonatal cardiopulmonary transition in an ovine model of diaphragmatic hernia","DeKoninck PLJ, Crossley KJ, Kashyap AJ, Skinner SM, Thio M, Rodgers KA, Deprest JA, Hooper SB, Hodges RJ.","Arch Dis Child Fetal Neonatal Ed. 2019 Nov;104(6):F609-F616. doi: 10.1136/archdischild-2018-316047. Epub 2019 Feb 6.","DeKoninck PLJ","Arch Dis Child Fetal Neonatal Ed","2019","2019/02/08","","","10.1136/archdischild-2018-316047"
"21238635","Technical aspects of fetal endoscopic tracheal occlusion for congenital diaphragmatic hernia","Deprest J, Nicolaides K, Done' E, Lewi P, Barki G, Largen E, DeKoninck P, Sandaite I, Ville Y, Benachi A, Jani J, Amat-Roldan I, Gratacos E.","J Pediatr Surg. 2011 Jan;46(1):22-32. doi: 10.1016/j.jpedsurg.2010.10.008.","Deprest J","J Pediatr Surg","2011","2011/01/18","","","10.1016/j.jpedsurg.2010.10.008"
"15283099","Recent advances in fetal surgery","Cortes RA, Farmer DL.","Semin Perinatol. 2004 Jun;28(3):199-211. doi: 10.1053/j.semperi.2004.03.006.","Cortes RA","Semin Perinatol","2004","2004/07/31","","","10.1053/j.semperi.2004.03.006"
"11083424","Balloon tracheal occlusion for congenital diaphragmatic hernia: experimental studies","Chiba T, Albanese CT, Farmer DL, Dowd CF, Filly RA, Machin GA, Harrison M.","J Pediatr Surg. 2000 Nov;35(11):1566-70. doi: 10.1053/jpsu.2000.18311.","Chiba T","J Pediatr Surg","2000","2000/11/18","","","10.1053/jpsu.2000.18311"
"18072025","Impact of fetal intervention on postnatal management of congenital diaphragmatic hernia","Saura L, Castañón M, Prat J, Albert A, Caceres F, Moreno J, Gratacós E.","Eur J Pediatr Surg. 2007 Dec;17(6):404-7. doi: 10.1055/s-2007-989275.","Saura L","Eur J Pediatr Surg","2007","2007/12/12","","","10.1055/s-2007-989275"
"23355689","Antireflux surgery after congenital diaphragmatic hernia repair: a plea for a tailored approach","Verbelen T, Lerut T, Coosemans W, De Leyn P, Nafteux P, Van Raemdonck D, Deprest J, Decaluwé H.","Eur J Cardiothorac Surg. 2013 Aug;44(2):263-7; discussion 268. doi: 10.1093/ejcts/ezt001. Epub 2013 Jan 25.","Verbelen T","Eur J Cardiothorac Surg","2013","2013/01/29","","","10.1093/ejcts/ezt001"
"32989906","Feasibility and outcomes of fetoscopic endoluminal tracheal occlusion for severe congenital diaphragmatic hernia: A Japanese experience","Wada S, Ozawa K, Sugibayashi R, Suyama F, Amari S, Ito Y, Kanamori Y, Okuyama H, Usui N, Sasahara J, Kotani T, Hayakawa M, Kato K, Taguchi T, Endo M, Sago H.","J Obstet Gynaecol Res. 2020 Sep 28;46(12):2598-604. doi: 10.1111/jog.14504. Online ahead of print.","Wada S","J Obstet Gynaecol Res","2020","2020/09/29","PMC7756773","","10.1111/jog.14504"
"8906656","Fetal endoscopic tracheal occlusion ('Fetendo-PLUG') for congenital diaphragmatic hernia","Skarsgard ED, Meuli M, VanderWall KJ, Bealer JF, Adzick NS, Harrison MR.","J Pediatr Surg. 1996 Oct;31(10):1335-8. doi: 10.1016/s0022-3468(96)90823-4.","Skarsgard ED","J Pediatr Surg","1996","1996/10/01","","","10.1016/s0022-3468(96)90823-4"
"32839753","Fetal Surgery in the Era of SARS-CoV-2 Pandemic: A Single-Institution Review","Narang K, Elrefaei A, Wyatt MA, Warner LL, Abrao Trad AT, Segura LG, Bendel-Stenzel E, Ahn ES, Arendt KW, Qureshi MY, Ruano R.","Mayo Clin Proc Innov Qual Outcomes. 2020 Dec;4(6):717-724. doi: 10.1016/j.mayocpiqo.2020.08.001. Epub 2020 Aug 19.","Narang K","Mayo Clin Proc Innov Qual Outcomes","2020","2020/08/26","PMC7437475","","10.1016/j.mayocpiqo.2020.08.001"
"33428299","Perinatal outcomes of iatrogenic chorioamniotic separation following fetoscopic surgery: systematic review and meta-analysis","Nassr AA, Hessami K, Shazly SA, Meshinchi N, Corroenne R, Espinoza J, Donepudi R, Sanz Cortes M, Belfort MA, Shamshirsaz AA.","Ultrasound Obstet Gynecol. 2021 Sep;58(3):347-353. doi: 10.1002/uog.23588.","Nassr AA","Ultrasound Obstet Gynecol","2021","2021/01/11","","","10.1002/uog.23588"
"12861529","Fetoscopic temporary tracheal occlusion for congenital diaphragmatic hernia: prelude to a randomized, controlled trial","Harrison MR, Sydorak RM, Farrell JA, Kitterman JA, Filly RA, Albanese CT.","J Pediatr Surg. 2003 Jul;38(7):1012-20. doi: 10.1016/s0022-3468(03)00182-9.","Harrison MR","J Pediatr Surg","2003","2003/07/16","","","10.1016/s0022-3468(03)00182-9"
"26633729","Prematurity and fetal lung response after tracheal occlusion in fetuses with severe congenital diaphragmatic hernia","Sananes N, Rodo C, Peiro JL, Britto IS, Sangi-Haghpeykar H, Favre R, Joal A, Gaudineau A, Silva MM, Tannuri U, Zugaib M, Carreras E, Ruano R.","J Matern Fetal Neonatal Med. 2016 Sep;29(18):3030-4. doi: 10.3109/14767058.2015.1114080. Epub 2015 Dec 2.","Sananes N","J Matern Fetal Neonatal Med","2016","2015/12/04","","","10.3109/14767058.2015.1114080"
"11995202","Towards an endoscopic intra-uterine treatment for congenital diaphragmatic hernia","Deprest J.","Verh K Acad Geneeskd Belg. 2002;64(1):55-70.","Deprest J","Verh K Acad Geneeskd Belg","2002","2002/05/09","","",""
"23480900","Tracheal occlusion alters pulmonary circulation in the fetal lamb with normally developing lungs","Aubry E, Fayoux P, Jani J, Deprest J, Deruelle P, Houfflin-Debarge V, Storme L.","J Pediatr Surg. 2013 Mar;48(3):481-7. doi: 10.1016/j.jpedsurg.2012.08.024.","Aubry E","J Pediatr Surg","2013","2013/03/14","","","10.1016/j.jpedsurg.2012.08.024"
"21898639","Prediction and probability of neonatal outcome in isolated congenital diaphragmatic hernia using multiple ultrasound parameters","Ruano R, Takashi E, da Silva MM, Campos JA, Tannuri U, Zugaib M.","Ultrasound Obstet Gynecol. 2012 Jan;39(1):42-9. doi: 10.1002/uog.10095.","Ruano R","Ultrasound Obstet Gynecol","2012","2011/09/08","","","10.1002/uog.10095"
"11754153","Endoscopic techniques in fetal surgery","Sydorak RM, Nijagal A, Albanese CT.","Yonsei Med J. 2001 Dec;42(6):695-710. doi: 10.3349/ymj.2001.42.6.695.","Sydorak RM","Yonsei Med J","2001","2001/12/26","","","10.3349/ymj.2001.42.6.695"
"17056307","Fetoscopic surgery: encouraged by clinical experience and boosted by instrument innovation","Deprest J, Jani J, Lewi L, Ochsenbein-Kölble N, Cannie M, Doné E, Roubliova X, Van Mieghem T, Debeer A, Debuck F, Sbragia L, Toelen J, Devlieger R, Lewi P, Van de Velde M.","Semin Fetal Neonatal Med. 2006 Dec;11(6):398-412. doi: 10.1016/j.siny.2006.09.003. Epub 2006 Oct 20.","Deprest J","Semin Fetal Neonatal Med","2006","2006/10/24","","","10.1016/j.siny.2006.09.003"
"22183216","Fetal pulmonary response after fetoscopic tracheal occlusion for severe isolated congenital diaphragmatic hernia","Ruano R, da Silva MM, Campos JA, Papanna R, Moise K Jr, Tannuri U, Zugaib M.","Obstet Gynecol. 2012 Jan;119(1):93-101. doi: 10.1097/AOG.0b013e31823d3aea.","Ruano R","Obstet Gynecol","2012","2011/12/21","","","10.1097/AOG.0b013e31823d3aea"
"30618058","Reproducibility of fetal lung-to-head ratio in left diaphragmatic hernia across the North American Fetal Therapy Network (NAFTNet)","Abbasi N, Ryan G, Johnson A, Cortes MS, Sangi-Haghpeykar H, Ye XY, Shah PS, Benachi A, Saada J, Ruano R; NAFTNet*.","Prenat Diagn. 2019 Feb;39(3):188-194. doi: 10.1002/pd.5413. Epub 2019 Jan 29.","Abbasi N","Prenat Diagn","2019","2019/01/09","","","10.1002/pd.5413"
"30047996","The impact of fetal endoscopic tracheal occlusion in isolated left-sided congenital diaphragmatic hernia on left-sided cardiac dimensions","Dhillon GS, Maskatia SA, Loar RW, Colquitt JL, Mehollin-Ray AR, Ruano R, Belfort MA, Olutoye OO, Kailin JA.","Prenat Diagn. 2018 Oct;38(11):812-820. doi: 10.1002/pd.5333. Epub 2018 Aug 29.","Dhillon GS","Prenat Diagn","2018","2018/07/27","","","10.1002/pd.5333"
"25322534","[FETO--fetoscopic endotracheal balloon occlusion]","Wielgoś M, Kosiński P.","Ginekol Pol. 2014 Sep;85(9):651. doi: 10.17772/gp/1812.","Wielgoś M","Ginekol Pol","2014","2014/10/18","","","10.17772/gp/1812"
"34808130","The randomized Tracheal Occlusion To Accelerate Lung growth (TOTAL)-trials on fetal surgery for congenital diaphragmatic hernia: reanalysis using pooled data","Van Calster B, Benachi A, Nicolaides KH, Gratacos E, Berg C, Persico N, Gardener GJ, Belfort M, Ville Y, Ryan G, Johnson A, Sago H, Kosiński P, Bagolan P, Van Mieghem T, DeKoninck PLJ, Russo FM, Hooper SB, Deprest JA.","Am J Obstet Gynecol. 2022 Apr;226(4):560.e1-560.e24. doi: 10.1016/j.ajog.2021.11.1351. Epub 2021 Nov 19.","Van Calster B","Am J Obstet Gynecol","2022","2021/11/22","","","10.1016/j.ajog.2021.11.1351"
"28866670","Clinical Outcome for Congenital Diaphragmatic Hernia at the Age of 1 Year in the Era of Fetal Intervention","Van Ginderdeuren E, Allegaert K, Decaluwe H, Deprest J, Debeer A, Proesmans M.","Neonatology. 2017;112(4):365-371. doi: 10.1159/000479145. Epub 2017 Sep 2.","Van Ginderdeuren E","Neonatology","2017","2017/09/04","","","10.1159/000479145"
"21325860","Fetoscopic endotracheal occlusion for severe isolated diaphragmatic hernia: initial experience from a single clinic in Brazil","Peralta CF, Sbragia L, Bennini JR, de Fátima Assunção Braga A, Sampaio Rousselet M, Machado Rosa IR, Barini R.","Fetal Diagn Ther. 2011;29(1):71-7. doi: 10.1159/000314617. Epub 2011 Feb 3.","Peralta CF","Fetal Diagn Ther","2011","2011/02/18","","","10.1159/000314617"
"20652932","Maternal hyperoxygenation test in fetuses undergoing FETO for severe isolated congenital diaphragmatic hernia","Done E, Allegaert K, Lewi P, Jani J, Gucciardo L, Van Mieghem T, Gratacos E, Devlieger R, Van Schoubroeck D, Deprest J.","Ultrasound Obstet Gynecol. 2011 Mar;37(3):264-71. doi: 10.1002/uog.7753.","Done E","Ultrasound Obstet Gynecol","2011","2010/07/24","","","10.1002/uog.7753"
"17826727","Fetal lung volume after endoscopic tracheal occlusion in the prediction of postnatal outcome","Peralta CF, Jani JC, Van Schoubroeck D, Nicolaides KH, Deprest JA.","Am J Obstet Gynecol. 2008 Jan;198(1):60.e1-5. doi: 10.1016/j.ajog.2007.05.034. Epub 2007 Sep 12.","Peralta CF","Am J Obstet Gynecol","2008","2007/09/11","","","10.1016/j.ajog.2007.05.034"
"30481746","Tracheal Diameter and Respiratory Outcome in Infants with Congenital Diaphragmatic Hernia Treated by Fetal Endoscopic Tracheal Occlusion","Morandi A, Macchini F, Ophorst M, Borzani I, Ciralli F, Farolfi A, Porro GA, Franzini S, Fabietti I, Persico N, Mosca F, Leva E.","Fetal Diagn Ther. 2019;46(5):296-305. doi: 10.1159/000491785. Epub 2018 Nov 27.","Morandi A","Fetal Diagn Ther","2019","2018/11/28","","","10.1159/000491785"
"21671461","Tracheal diameter at birth in severe congenital diaphragmatic hernia treated by fetal endoscopic tracheal occlusion","Jani J, Valencia C, Cannie M, Vuckovic A, Sellars M, Nicolaides KH.","Prenat Diagn. 2011 Jul;31(7):699-704. doi: 10.1002/pd.2806. Epub 2011 Jun 14.","Jani J","Prenat Diagn","2011","2011/06/15","","","10.1002/pd.2806"
"8906657","Correction of congenital diaphragmatic hernia in utero VIII: Response of the hypoplastic lung to tracheal occlusion","Harrison MR, Adzick NS, Flake AW, VanderWall KJ, Bealer JF, Howell LJ, Farrell JA, Filly RA, Rosen MA, Sola A, Goldberg JD.","J Pediatr Surg. 1996 Oct;31(10):1339-48. doi: 10.1016/s0022-3468(96)90824-6.","Harrison MR","J Pediatr Surg","1996","1996/10/01","","","10.1016/s0022-3468(96)90824-6"
"32602968","New device permitting non-invasive reversal of fetal endoscopic tracheal occlusion: ex-vivo and in-vivo study","Basurto D, Sananès N, Verbeken E, Sharma D, Corno E, Valenzuela I, Van der Veeken L, Favre R, Russo FM, Deprest J.","Ultrasound Obstet Gynecol. 2020 Oct;56(4):522-531. doi: 10.1002/uog.22132. Epub 2020 Sep 11.","Basurto D","Ultrasound Obstet Gynecol","2020","2020/07/01","","","10.1002/uog.22132"
"28891233","Fetoscopic tracheal occlusion for treatment of non-isolated congenital diaphragmatic hernia","Seravalli V, Jelin EB, Miller JL, Tekes A, Vricella L, Baschat AA.","Prenat Diagn. 2017 Oct;37(10):1046-1049. doi: 10.1002/pd.5139. Epub 2017 Sep 10.","Seravalli V","Prenat Diagn","2017","2017/09/12","","","10.1002/pd.5139"
"23182955","Neuromuscular blockade and lung function during resuscitation of infants with congenital diaphragmatic hernia","Murthy V, D'Costa W, Nicolaides K, Davenport M, Fox G, Milner AD, Campbell M, Greenough A.","Neonatology. 2013;103(2):112-7. doi: 10.1159/000342332. Epub 2012 Nov 24.","Murthy V","Neonatology","2013","2012/11/28","","","10.1159/000342332"
"19076951","Instrumental requirements for minimal invasive fetal surgery","Klaritsch P, Albert K, Van Mieghem T, Gucciardo L, Done' E, Bynens B, Deprest J.","BJOG. 2009 Jan;116(2):188-97. doi: 10.1111/j.1471-0528.2008.02021.x.","Klaritsch P","BJOG","2009","2008/12/17","","","10.1111/j.1471-0528.2008.02021.x"
"24284906","Development and use of a high-fidelity simulator for fetal endotracheal balloon occlusion (FETO) insertion and removal","Windrim R, Ryan G, Lebouthillier F, Campisi P, Kelly EN, Baud D, Yoo SJ, Deprest J.","Prenat Diagn. 2014 Feb;34(2):180-4. doi: 10.1002/pd.4284. Epub 2013 Dec 27.","Windrim R","Prenat Diagn","2014","2013/11/29","","","10.1002/pd.4284"
"25563880","Unique Tracheal Fluid MicroRNA Signature Predicts Response to FETO in Patients With Congenital Diaphragmatic Hernia","Pereira-Terra P, Deprest JA, Kholdebarin R, Khoshgoo N, DeKoninck P, Munck AA, Wang J, Zhu F, Rottier RJ, Iwasiow BM, Correia-Pinto J, Tibboel D, Post M, Keijzer R.","Ann Surg. 2015 Dec;262(6):1130-40. doi: 10.1097/SLA.0000000000001054.","Pereira-Terra P","Ann Surg","2015","2015/01/08","","","10.1097/SLA.0000000000001054"
"9074109","Endoscopic In Utero Tracheal Plugging in the Fetal Lamb to Treat Congenital Diaphragmatic Hernia","Evrard VA, Verbeken EA, Vandenberghe K, Lerut T, Flageole H, Deprest JA.","J Am Assoc Gynecol Laparosc. 1996 Aug;3(4, Supplement):S11. doi: 10.1016/s1074-3804(96)80165-4.","Evrard VA","J Am Assoc Gynecol Laparosc","1996","1996/08/01","","","10.1016/s1074-3804(96)80165-4"
"31022755","Outcomes after Split Abdominal Wall Muscle Flap Repair for Large Congenital Diaphragmatic Hernias","Molino JA, García Martínez L, Guillén Burrieza G, Peiró Ibáñez JL, López-Fernández S, Laín A, Ruiz Campillo C, Lloret Roca J, López M.","Eur J Pediatr Surg. 2020 Apr;30(2):210-214. doi: 10.1055/s-0039-1687867. Epub 2019 Apr 25.","Molino JA","Eur J Pediatr Surg","2020","2019/04/26","","","10.1055/s-0039-1687867"
"30404087","Cervical Measurement and Pessary Application in Relation to Gestational Age at Delivery in Patients Treated with Fetoscopic Endotracheal Occlusion","Kosinski P, Luterek K, Bomba-Opon D, Lipa M, Wielgos M.","Fetal Diagn Ther. 2019;46(2):119-124. doi: 10.1159/000493792. Epub 2018 Nov 7.","Kosinski P","Fetal Diagn Ther","2019","2018/11/08","","","10.1159/000493792"
"21803511","Outcome after fetal intervention","Walther FJ.","Early Hum Dev. 2011 Sep;87(9):581. doi: 10.1016/j.earlhumdev.2011.07.005. Epub 2011 Jul 30.","Walther FJ","Early Hum Dev","2011","2011/08/02","","","10.1016/j.earlhumdev.2011.07.005"
"22325377","Antenatal management of isolated congenital diaphragmatic hernia today and tomorrow: ongoing collaborative research and development. Journal of Pediatric Surgery Lecture","Deprest J, De Coppi P.","J Pediatr Surg. 2012 Feb;47(2):282-90. doi: 10.1016/j.jpedsurg.2011.11.020.","Deprest J","J Pediatr Surg","2012","2012/02/14","","","10.1016/j.jpedsurg.2011.11.020"
"10986445","Tracheal side effects of endoscopic balloon tracheal occlusion in the fetal lamb model","Deprest JA, Evrard VA, Verbeken EK, Perales AJ, Delaere PR, Lerut TE, Flageole H.","Eur J Obstet Gynecol Reprod Biol. 2000 Sep;92(1):119-26. doi: 10.1016/s0301-2115(00)00435-8.","Deprest JA","Eur J Obstet Gynecol Reprod Biol","2000","2000/09/15","","","10.1016/s0301-2115(00)00435-8"
"34702501","Increased survival following fetoscopic endoluminal tracheal occlusion for diaphragmatic hernia","Baschat AA, Miller JL, Kunisaki SM.","J Pediatr. 2021 Nov;238:338-342. doi: 10.1016/j.jpeds.2021.08.061.","Baschat AA","J Pediatr","2021","2021/10/27","","","10.1016/j.jpeds.2021.08.061"
"15868556","Survival of severe congenital diaphragmatic hernia has morbid consequences","Cortes RA, Keller RL, Townsend T, Harrison MR, Farmer DL, Lee H, Piecuch RE, Leonard CH, Hetherton M, Bisgaard R, Nobuhara KK.","J Pediatr Surg. 2005 Jan;40(1):36-45; discussion 45-6. doi: 10.1016/j.jpedsurg.2004.09.037.","Cortes RA","J Pediatr Surg","2005","2005/05/04","","","10.1016/j.jpedsurg.2004.09.037"
"20385271","Neonatal tracheal changes following in utero fetoscopic balloon tracheal occlusion in severe congenital diaphragmatic hernia","Fayoux P, Hosana G, Devisme L, Deprest J, Jani J, Vaast P, Storme L.","J Pediatr Surg. 2010 Apr;45(4):687-92. doi: 10.1016/j.jpedsurg.2009.08.014.","Fayoux P","J Pediatr Surg","2010","2010/04/14","","","10.1016/j.jpedsurg.2009.08.014"
"15287047","Fetoscopic tracheal occlusion (FETO) for severe congenital diaphragmatic hernia: evolution of a technique and preliminary results","Deprest J, Gratacos E, Nicolaides KH; FETO Task Group.","Ultrasound Obstet Gynecol. 2004 Aug;24(2):121-6. doi: 10.1002/uog.1711.","Deprest J","Ultrasound Obstet Gynecol","2004","2004/08/03","","","10.1002/uog.1711"
"15018453","Lung pathology in patients with congenital diaphragmatic hernia treated with fetal surgical intervention, including tracheal occlusion","Heerema AE, Rabban JT, Sydorak RM, Harrison MR, Jones KD.","Pediatr Dev Pathol. 2003 Nov-Dec;6(6):536-46. doi: 10.1007/s10024-003-5054-6.","Heerema AE","Pediatr Dev Pathol","2003","2004/03/17","","","10.1007/s10024-003-5054-6"
"21907109","Results of fetal endoscopic tracheal occlusion for congenital diaphragmatic hernia and the set up of the randomized controlled TOTAL trial","Dekoninck P, Gratacos E, Van Mieghem T, Richter J, Lewi P, Ancel AM, Allegaert K, Nicolaides K, Deprest J.","Early Hum Dev. 2011 Sep;87(9):619-24. doi: 10.1016/j.earlhumdev.2011.08.001.","Dekoninck P","Early Hum Dev","2011","2011/09/13","","","10.1016/j.earlhumdev.2011.08.001"
"23801588","Collagen plug sealing of iatrogenic fetal membrane defects after fetoscopic surgery for congenital diaphragmatic hernia","Engels AC, Van Calster B, Richter J, DeKoninck P, Lewi L, De Catte L, Devlieger R, Deprest JA.","Ultrasound Obstet Gynecol. 2014 Jan;43(1):54-9. doi: 10.1002/uog.12547.","Engels AC","Ultrasound Obstet Gynecol","2014","2013/06/27","","","10.1002/uog.12547"
"28453870","Clinically relevant discordances identified after tertiary reassessment of fetuses with isolated congenital diaphragmatic hernia","Done E, Gucciardo L, Van Mieghem T, Devriendt K, Allegaert K, Brady P, Devlieger R, De Catte L, Lewi L, Deprest J.","Prenat Diagn. 2017 Sep;37(9):883-888. doi: 10.1002/pd.5060. Epub 2017 Jul 25.","Done E","Prenat Diagn","2017","2017/04/29","","","10.1002/pd.5060"
"22196142","Best practice guidelines: fetal surgery","Sudhakaran N, Sothinathan U, Patel S.","Early Hum Dev. 2012 Jan;88(1):15-9. doi: 10.1016/j.earlhumdev.2011.11.006.","Sudhakaran N","Early Hum Dev","2012","2011/12/27","","","10.1016/j.earlhumdev.2011.11.006"
"36913364","Fetoscopic endoluminal tracheal occlusion with Smart-TO balloon: Study protocol to evaluate effectiveness and safety of non-invasive removal","Sananès N, Basurto D, Cordier AG, Elie C, Russo FM, Benachi A, Deprest J.","PLoS One. 2023 Mar 13;18(3):e0273878. doi: 10.1371/journal.pone.0273878. eCollection 2023.","Sananès N","PLoS One","2023","2023/03/13","PMC10010565","","10.1371/journal.pone.0273878"
"17676984","Surfactant maturation is not delayed in human fetuses with diaphragmatic hernia","Boucherat O, Benachi A, Chailley-Heu B, Franco-Montoya ML, Elie C, Martinovic J, Bourbon JR.","PLoS Med. 2007 Jul 31;4(7):e237. doi: 10.1371/journal.pmed.0040237.","Boucherat O","PLoS Med","2007","2007/08/07","PMC1950205","","10.1371/journal.pmed.0040237"
"30866691","Lung growth index and lung growth ratio - new ultrasound parameters for predicting neonatal survival in fetuses with isolated left sided congenital diaphragmatic hernia?","Kosinski P, Luterek K, Lipa M, Wielgos M.","J Matern Fetal Neonatal Med. 2020 Dec;33(23):4033-4036. doi: 10.1080/14767058.2019.1594193. Epub 2019 Mar 25.","Kosinski P","J Matern Fetal Neonatal Med","2020","2019/03/15","","","10.1080/14767058.2019.1594193"
"25487417","Stomach position in prediction of survival in left-sided congenital diaphragmatic hernia with or without fetoscopic endoluminal tracheal occlusion","Cordier AG, Jani JC, Cannie MM, Rodó C, Fabietti I, Persico N, Saada J, Carreras E, Senat MV, Benachi A.","Ultrasound Obstet Gynecol. 2015 Aug;46(2):155-61. doi: 10.1002/uog.14759.","Cordier AG","Ultrasound Obstet Gynecol","2015","2014/12/10","","","10.1002/uog.14759"
"23349059","Early fetoscopic tracheal occlusion for extremely severe pulmonary hypoplasia in isolated congenital diaphragmatic hernia: preliminary results","Ruano R, Peiro JL, da Silva MM, Campos JA, Carreras E, Tannuri U, Zugaib M.","Ultrasound Obstet Gynecol. 2013 Jul;42(1):70-6. doi: 10.1002/uog.12414.","Ruano R","Ultrasound Obstet Gynecol","2013","2013/01/26","","","10.1002/uog.12414"
"26992387","Combined antenatal therapy with retinoic acid and tracheal occlusion in a rat model of congenital diaphragmatic hernia","Schmidt AF, Gonçalves FL, Figueira RL, Scorletti F, Peiró JL, Sbragia L.","Pediatr Surg Int. 2016 Jun;32(6):591-8. doi: 10.1007/s00383-016-3886-1. Epub 2016 Mar 18.","Schmidt AF","Pediatr Surg Int","2016","2016/03/20","","","10.1007/s00383-016-3886-1"
"27568096","Connexin 43 is overexpressed in human fetal membrane defects after fetoscopic surgery","Barrett DW, David AL, Thrasivoulou C, Mata A, Becker DL, Engels AC, Deprest JA, Chowdhury TT.","Prenat Diagn. 2016 Oct;36(10):942-952. doi: 10.1002/pd.4917. Epub 2016 Sep 25.","Barrett DW","Prenat Diagn","2016","2016/08/29","PMC5082503","","10.1002/pd.4917"
"17021771","Telemetric monitoring of tracheal pressure after tracheal occlusion for treatment of severe congenital diaphragmatic hernia","Hellmeyer L, Exner C, Folz B, Hiller M, Sierra F, Lukasewitz P, Steinfeld T, Werner JA, Heldmaier G, Schmidt S.","Arch Gynecol Obstet. 2007 Apr;275(4):245-8. doi: 10.1007/s00404-006-0252-x. Epub 2006 Sep 20.","Hellmeyer L","Arch Gynecol Obstet","2007","2006/10/06","","","10.1007/s00404-006-0252-x"
"18853678","[Fetoscopic tracheal occlusion for the treatment of severe congenital diaphragmatic hernia: preliminary results]","Manrique S, Munar F, Andreu E, Montferrer N, de Miguel M, López Gil V, Roigé J.","Rev Esp Anestesiol Reanim. 2008 Aug-Sep;55(7):407-13. doi: 10.1016/s0034-9356(08)70611-x.","Manrique S","Rev Esp Anestesiol Reanim","2008","2008/10/16","","","10.1016/s0034-9356(08)70611-x"
"32068928","Survival outcome in severe left-sided congenital diaphragmatic hernia with and without fetal endoscopic tracheal occlusion in a country with suboptimal neonatal management","Cruz-Martínez R, Martínez-Rodríguez M, Gámez-Varela A, Nieto-Castro B, Luna-García J, Juárez-Martínez I, López-Briones H, Guadarrama-Mora R, Torres-Torres J, Coronel-Cruz F, Ibarra-Rios D, Ordorica-Flores R, Nieto-Zermeño J.","Ultrasound Obstet Gynecol. 2020 Oct;56(4):516-521. doi: 10.1002/uog.21993. Epub 2020 Aug 30.","Cruz-Martínez R","Ultrasound Obstet Gynecol","2020","2020/02/19","","","10.1002/uog.21993"
"30589888","Characterization of a reversible thermally-actuated polymer-valve: A potential dynamic treatment for congenital diaphragmatic hernia","Baba JS, McKnight TE, Ericson MN, Johnson A, Moise KJ Jr, Evans BM 3rd.","PLoS One. 2018 Dec 27;13(12):e0209855. doi: 10.1371/journal.pone.0209855. eCollection 2018.","Baba JS","PLoS One","2018","2018/12/28","PMC6307748","","10.1371/journal.pone.0209855"
"20713614","Cross-sectional study of tracheomegaly in children after fetal tracheal occlusion for severe congenital diaphragmatic hernia","Breysem L, Debeer A, Claus F, Proesmans M, De Keyzer F, Lewi P, Allegaert K, Smet MH, Deprest J.","Radiology. 2010 Oct;257(1):226-32. doi: 10.1148/radiol.10092388. Epub 2010 Aug 16.","Breysem L","Radiology","2010","2010/08/18","","","10.1148/radiol.10092388"
"28977797","Evaluation of Magnetic Resonance Imaging Safety and Imaging Issues Associated with the Occlusion Balloon Used during Fetoscopic Endoluminal Tracheal Occlusion","Victoria T, Johnson AM, Adzick NS, Hedrick HL, Shellock FG.","Fetal Diagn Ther. 2018;44(3):179-183. doi: 10.1159/000481195. Epub 2017 Oct 5.","Victoria T","Fetal Diagn Ther","2018","2017/10/05","","","10.1159/000481195"
"19445375","[Antenatal prediction of pulmonary hypoplasia and intrauterine treatment by endoscopic fetal tracheal occlusion in severe isolated congenital diaphragmatic hernia]","Gucciardo L, Deprest JA, Vaast P, Favre R, Gallot D, Huissoud C, Bretelle F, Agenor J, Benachi A, Jani J, Done E, van Mieghem T, Ville Y, Devlieger R.","Bull Acad Natl Med. 2008 Nov;192(8):1589-607; discussion 1607-9.","Gucciardo L","Bull Acad Natl Med","2008","2009/05/19","","",""
"29582948","[ADVANCES IN FETAL THERAPY IN COMPLICATED MONOCHORIONIC PREGNANCIES AND IN SEVERE CONGENITAL DIAPHRAGMATIC HERNIA: FIVE YEARS EXPERIENCE]","Gielchinsky Y, Valsky DV, Yanai N, Abdeljawad FJ, Muhaisen MA, Arbell D, Ginosar Y, Ben-Yosef O, Winograd O, Bar-Oz B, Yagel S, Eventov-Friedman S.","Harefuah. 2018 Mar;157(3):170-174.","Gielchinsky Y","Harefuah","2018","2018/03/28","","",""
"26744354","Pulmonary transcriptome analysis in the surgically induced rabbit model of diaphragmatic hernia treated with fetal tracheal occlusion","Engels AC, Brady PD, Kammoun M, Finalet Ferreiro J, DeKoninck P, Endo M, Toelen J, Vermeesch JR, Deprest J.","Dis Model Mech. 2016 Feb;9(2):221-8. doi: 10.1242/dmm.021626. Epub 2016 Jan 7.","Engels AC","Dis Model Mech","2016","2016/01/09","PMC4770142","","10.1242/dmm.021626"
"36333128","Morbidity in children after fetoscopic endoluminal tracheal occlusion for severe congenital diaphragmatic hernia: Results from a multidisciplinary clinic","Sferra SR, Nies MK, Miller JL, Garcia AV, Hodgman EI, Penikis AB, Engwall-Gill AJ, Burton VJ, Rice JL, Mogayzel PJ, Baschat AA, Kunisaki SM.","J Pediatr Surg. 2023 Jan;58(1):14-19. doi: 10.1016/j.jpedsurg.2022.09.042. Epub 2022 Oct 14.","Sferra SR","J Pediatr Surg","2023","2022/11/04","","","10.1016/j.jpedsurg.2022.09.042"
"24356206","Left heart structures in human neonates with congenital diaphragmatic hernia and the effect of fetal endoscopic tracheal occlusion","Rocha LA, Byrne FA, Keller RL, Miniati D, Brook MM, Silverman NH, Moon-Grady AJ.","Fetal Diagn Ther. 2014;35(1):36-43. doi: 10.1159/000356437. Epub 2013 Dec 18.","Rocha LA","Fetal Diagn Ther","2014","2013/12/21","","","10.1159/000356437"
"7880438","Fetal intervention for congenital diaphragmatic hernia","Ford WD.","Fetal Diagn Ther. 1994 Nov-Dec;9(6):398-408. doi: 10.1159/000264073.","Ford WD","Fetal Diagn Ther","1994","1994/11/01","","","10.1159/000264073"
"19753655","Left ventricular cardiac function in fetuses with congenital diaphragmatic hernia and the effect of fetal endoscopic tracheal occlusion","Van Mieghem T, Gucciardo L, Doné E, Van Schoubroeck D, Graatsma EM, Visser GH, Verhaeghe J, Deprest J.","Ultrasound Obstet Gynecol. 2009 Oct;34(4):424-9. doi: 10.1002/uog.7340.","Van Mieghem T","Ultrasound Obstet Gynecol","2009","2009/09/16","","","10.1002/uog.7340"
"16025920","Effect of temporary tracheal occlusion on the endothelin system in experimental cases of diaphragmatic hernia","Cloutier M, Seaborn T, Piedboeuf B, Bratu I, Flageole H, Laberge JM.","Exp Lung Res. 2005 May;31(4):391-404. doi: 10.1080/019021490927079.","Cloutier M","Exp Lung Res","2005","2005/07/20","","","10.1080/019021490927079"
"21910146","Outcome of fetuses with congenital diaphragmatic hernia and associated intrafetal fluid effusions managed in the era of fetal surgery","Van Mieghem T, Cruz-Martinez R, Allegaert K, Dekoninck P, Castanon M, Sandaite I, Claus F, Devlieger R, Gratacos E, Deprest J.","Ultrasound Obstet Gynecol. 2012 Jan;39(1):50-5. doi: 10.1002/uog.10097.","Van Mieghem T","Ultrasound Obstet Gynecol","2012","2011/09/13","","","10.1002/uog.10097"
"33080593","Sequential Minimally Invasive Fetal Interventions for Two Life-Threatening Conditions: A Novel Approach","Ruano R, Ibirogba ER, Wyatt MA, Balakrishnan K, Qureshi MY, Kolbe AB, Dearani JA, Boesch RP, Segura L, Arendt KW, Bendel-Stenzel E, Salik SS, Klinkner DB.","Fetal Diagn Ther. 2021;48(1):70-77. doi: 10.1159/000510635. Epub 2020 Oct 20.","Ruano R","Fetal Diagn Ther","2021","2020/10/20","","","10.1159/000510635"
"22213616","Fetal surgery for severe congenital diaphragmatic hernia?","Jani JC, Nicolaides KH.","Ultrasound Obstet Gynecol. 2012 Jan;39(1):7-9. doi: 10.1002/uog.11064.","Jani JC","Ultrasound Obstet Gynecol","2012","2012/01/04","","","10.1002/uog.11064"
"23444265","Predictors of neonatal morbidity in fetuses with severe isolated congenital diaphragmatic hernia undergoing fetoscopic tracheal occlusion","Doné E, Gratacos E, Nicolaides KH, Allegaert K, Valencia C, Castañon M, Martinez JM, Jani J, Van Mieghem T, Greenough A, Gomez O, Lewi P, Deprest J.","Ultrasound Obstet Gynecol. 2013 Jul;42(1):77-83. doi: 10.1002/uog.12445.","Doné E","Ultrasound Obstet Gynecol","2013","2013/02/28","","","10.1002/uog.12445"
"20152367","Diagnosis and management of fetal intrapericardial Morgagni diaphragmatic hernia with massive pericardial effussion","Antiñolo G, De Agustin JC, Losada A, Marenco ML, Garcia-Diaz L, Morcillo J.","J Pediatr Surg. 2010 Feb;45(2):424-6. doi: 10.1016/j.jpedsurg.2009.11.009.","Antiñolo G","J Pediatr Surg","2010","2010/02/16","","","10.1016/j.jpedsurg.2009.11.009"
"22170862","A randomized controlled trial of fetal endoscopic tracheal occlusion versus postnatal management of severe isolated congenital diaphragmatic hernia","Ruano R, Yoshisaki CT, da Silva MM, Ceccon ME, Grasi MS, Tannuri U, Zugaib M.","Ultrasound Obstet Gynecol. 2012 Jan;39(1):20-7. doi: 10.1002/uog.10142. Epub 2011 Dec 14.","Ruano R","Ultrasound Obstet Gynecol","2012","2011/12/16","","","10.1002/uog.10142"
"27626241","Myocardial Function Pre- and Post-Fetal Endoscopic Tracheal Occlusion (FETO) in Fetuses with Left-Sided Moderate to Severe Congenital Diaphragmatic Hernia","Degenhardt J, Enzensberger C, Tenzer A, Kawecki A, Kohl T, Widriani E, Axt-Fliedner R.","Ultraschall Med. 2017 Jan;38(1):65-70. doi: 10.1055/s-0041-108501. Epub 2016 Sep 14.","Degenhardt J","Ultraschall Med","2017","2016/09/15","","","10.1055/s-0041-108501"
"29608113","3D Virtual Broncoscopy before FETO Procedure in a Fetus with Severe, Isolated Left Congenital Diaphragmatic Hernia","Tonni G, Ruano R, Sà R, Peixoto Filho FM, Lopes J, Werner H.","Fetal Pediatr Pathol. 2018 Apr;37(2):134-139. doi: 10.1080/15513815.2018.1445148. Epub 2018 Apr 2.","Tonni G","Fetal Pediatr Pathol","2018","2018/04/03","","","10.1080/15513815.2018.1445148"
"12557044","Minimal access techniques for fetal surgery","Sydorak RM, Albanese CT.","World J Surg. 2003 Jan;27(1):95-102. doi: 10.1007/s00268-002-6743-4.","Sydorak RM","World J Surg","2003","2003/01/31","","","10.1007/s00268-002-6743-4"
"23813901","Does website-based information add any value in counseling mothers expecting a baby with severe congenital diaphragmatic hernia?","Engels AC, DeKoninck P, van der Merwe JL, Van Mieghem T, Stevens P, Power B, Nicolaides KH, Gratacos E, Deprest JA.","Prenat Diagn. 2013 Nov;33(11):1027-32. doi: 10.1002/pd.4190. Epub 2013 Aug 29.","Engels AC","Prenat Diagn","2013","2013/07/02","","","10.1002/pd.4190"
"26518248","Prophylactic use of the Arabin cervical pessary in fetuses with severe congenital diaphragmatic hernia treated by fetoscopic endoluminal tracheal occlusion (FETO): preliminary experience","Dobrescu O, Cannie MM, Cordier AG, Rodó C, Fabietti I, Benachi A, Carreras E, Persico N, Hurtado I, Gucciardo L, Jani JC.","Prenat Diagn. 2016 Jan;36(1):81-7. doi: 10.1002/pd.4716. Epub 2015 Dec 1.","Dobrescu O","Prenat Diagn","2016","2015/11/01","","","10.1002/pd.4716"
"35148005","Can fetal ultrasound and MRI predict outcome after fetal endoscopic tracheal occlusion for isolated severe congenital diaphragmatic hernia?","Tonni G, Grisolia G.","J Clin Ultrasound. 2022 Feb;50(2):191-192. doi: 10.1002/jcu.23124.","Tonni G","J Clin Ultrasound","2022","2022/02/11","","","10.1002/jcu.23124"
"14533891","Fetal surgery for sacrococcygeal teratoma","Hirose S, Farmer DL.","Clin Perinatol. 2003 Sep;30(3):493-506. doi: 10.1016/s0095-5108(03)00059-9.","Hirose S","Clin Perinatol","2003","2003/10/10","","","10.1016/s0095-5108(03)00059-9"
"11329579","Pulmonary structural maturation and pulmonary artery remodeling after reversible fetal ovine tracheal occlusion in diaphragmatic hernia","Bratu I, Flageole H, Laberge JM, Chen MF, Piedboeuf B.","J Pediatr Surg. 2001 May;36(5):739-44. doi: 10.1053/jpsu.2001.22950.","Bratu I","J Pediatr Surg","2001","2001/05/01","","","10.1053/jpsu.2001.22950"
"21484841","When referring physicians and researchers disagree on equipoise: the TOTAL trial experience","Rodrigues HC, Deprest J, v d Berg PP.","Prenat Diagn. 2011 Jun;31(6):589-94. doi: 10.1002/pd.2756. Epub 2011 Apr 11.","Rodrigues HC","Prenat Diagn","2011","2011/04/13","","","10.1002/pd.2756"
"22631591","Intraluminal tracheal occlusion using a modified 8-mm Z-stent in a sheep model of left-sided congenital diaphragmatic hernia","Sosa-Sosa C, Bermúdez C, Chmait RH, Kontopoulos E, Córdoba Y, Guevara-Zuloaga F, Steffensen T, Quintero RA.","J Matern Fetal Neonatal Med. 2012 Nov;25(11):2346-53. doi: 10.3109/14767058.2012.695825. Epub 2012 Jun 19.","Sosa-Sosa C","J Matern Fetal Neonatal Med","2012","2012/05/29","","","10.3109/14767058.2012.695825"
"24074653","Outcome of CDH infants following fetoscopic tracheal occlusion - influence of premature delivery","Ali K, Grigoratos D, Cornelius V, Davenport M, Nicolaides K, Greenough A.","J Pediatr Surg. 2013 Sep;48(9):1831-6. doi: 10.1016/j.jpedsurg.2013.01.049.","Ali K","J Pediatr Surg","2013","2013/10/01","","","10.1016/j.jpedsurg.2013.01.049"
"20389048","Comparison between fetal endoscopic tracheal occlusion using a 1.0-mm fetoscope and prenatal expectant management in severe congenital diaphragmatic hernia","Ruano R, Duarte SA, Pimenta EJ, Takashi E, da Silva MM, Tannuri U, Zugaib M.","Fetal Diagn Ther. 2011;29(1):64-70. doi: 10.1159/000311944. Epub 2010 Apr 10.","Ruano R","Fetal Diagn Ther","2011","2010/04/15","","","10.1159/000311944"
"12666218","The lung-to-head ratio and fetoscopic temporary tracheal occlusion: prediction of survival in severe left congenital diaphragmatic hernia","Keller RL, Glidden DV, Paek BW, Goldstein RB, Feldstein VA, Callen PW, Filly RA, Albanese CT.","Ultrasound Obstet Gynecol. 2003 Mar;21(3):244-9. doi: 10.1002/uog.44.","Keller RL","Ultrasound Obstet Gynecol","2003","2003/04/01","","","10.1002/uog.44"
"8863243","Fetal endoscopic ('Fetendo') tracheal clip","VanderWall KJ, Bruch SW, Meuli M, Kohl T, Szabo Z, Adzick NS, Harrison MR.","J Pediatr Surg. 1996 Aug;31(8):1101-3; discussion 1103-4. doi: 10.1016/s0022-3468(96)90096-2.","VanderWall KJ","J Pediatr Surg","1996","1996/08/01","","","10.1016/s0022-3468(96)90096-2"
"20215733","Changes in lung tissue perfusion in the prediction of survival in fetuses with congenital diaphragmatic hernia treated with fetal endoscopic tracheal occlusion","Cruz-Martínez R, Moreno-Alvarez O, Hernández-Andrade E, Castañón M, Martínez JM, Done E, Deprest J, Gratacós E.","Fetal Diagn Ther. 2011;29(1):101-7. doi: 10.1159/000295262. Epub 2010 Mar 9.","Cruz-Martínez R","Fetal Diagn Ther","2011","2010/03/11","","","10.1159/000295262"
"9694087","Correction of congenital diaphragmatic hernia in utero IX: fetuses with poor prognosis (liver herniation and low lung-to-head ratio) can be saved by fetoscopic temporary tracheal occlusion","Harrison MR, Mychaliska GB, Albanese CT, Jennings RW, Farrell JA, Hawgood S, Sandberg P, Levine AH, Lobo E, Filly RA.","J Pediatr Surg. 1998 Jul;33(7):1017-22; discussion 1022-3. doi: 10.1016/s0022-3468(98)90524-3.","Harrison MR","J Pediatr Surg","1998","1998/08/07","","","10.1016/s0022-3468(98)90524-3"
"23242000","Liver-to-thoracic volume ratio: use at MR imaging to predict postnatal survival in fetuses with isolated congenital diaphragmatic hernia with or without prenatal tracheal occlusion","Cannie MM, Cordier AG, De Laveaucoupet J, Franchi-Abella S, Cagneaux M, Prodhomme O, Senat MV, Mokhtari M, Vlieghe V, Nowakowska D, Benachi A, Jani JC.","Eur Radiol. 2013 May;23(5):1299-305. doi: 10.1007/s00330-012-2709-6. Epub 2012 Dec 16.","Cannie MM","Eur Radiol","2013","2012/12/18","","","10.1007/s00330-012-2709-6"
"29803315","Fetoscopic Therapy for Severe Pulmonary Hypoplasia in Congenital Diaphragmatic Hernia: A First in Prenatal Regenerative Medicine at Mayo Clinic","Ruano R, Klinkner DB, Balakrishnan K, Novoa Y Novoa VA, Davies N, Potter DD, Carey WA, Colby CE, Kolbe AB, Arendt KW, Segura L, Sviggum HP, Lemens MA, Famuyide A, Terzic A.","Mayo Clin Proc. 2018 Jun;93(6):693-700. doi: 10.1016/j.mayocp.2018.02.026.","Ruano R","Mayo Clin Proc","2018","2018/05/28","","","10.1016/j.mayocp.2018.02.026"
"18845492","Antenatal prediction of lung volume and in-utero treatment by fetal endoscopic tracheal occlusion in severe isolated congenital diaphragmatic hernia","Deprest JA, Flemmer AW, Gratacos E, Nicolaides K.","Semin Fetal Neonatal Med. 2009 Feb;14(1):8-13. doi: 10.1016/j.siny.2008.08.010. Epub 2008 Oct 8.","Deprest JA","Semin Fetal Neonatal Med","2009","2008/10/11","","","10.1016/j.siny.2008.08.010"
"20178111","Contribution of intrapulmonary artery Doppler to improve prediction of survival in fetuses with congenital diaphragmatic hernia treated with fetal endoscopic tracheal occlusion","Cruz-Martinez R, Moreno-Alvarez O, Hernandez-Andrade E, Castañon M, Done E, Martinez JM, Puerto B, Deprest J, Gratacos E.","Ultrasound Obstet Gynecol. 2010 May;35(5):572-7. doi: 10.1002/uog.7593.","Cruz-Martinez R","Ultrasound Obstet Gynecol","2010","2010/02/24","","","10.1002/uog.7593"
"22689226","Usefulness of lung-to-head ratio and intrapulmonary arterial Doppler in predicting neonatal morbidity in fetuses with congenital diaphragmatic hernia treated with fetoscopic tracheal occlusion","Cruz-Martinez R, Castañon M, Moreno-Alvarez O, Acosta-Rojas R, Martinez JM, Gratacos E.","Ultrasound Obstet Gynecol. 2013 Jan;41(1):59-65. doi: 10.1002/uog.11212. Epub 2012 Dec 11.","Cruz-Martinez R","Ultrasound Obstet Gynecol","2013","2012/06/13","","","10.1002/uog.11212"
"19260783","Therapeutic indications of fetoscopy: a 5-year institutional experience","Peiró JL, Carreras E, Guillén G, Arévalo S, Sánchez-Durán MA, Higueras T, Castillo F, Marhuenda C, Lloret J, Martínez-Ibáñez V.","J Laparoendosc Adv Surg Tech A. 2009 Apr;19(2):229-36. doi: 10.1089/lap.2007.0149.","Peiró JL","J Laparoendosc Adv Surg Tech A","2009","2009/03/06","","","10.1089/lap.2007.0149"
"16769018","Fetal lung-to-head ratio in the prediction of survival in severe left-sided diaphragmatic hernia treated by fetal endoscopic tracheal occlusion (FETO)","Jani JC, Nicolaides KH, Gratacós E, Vandecruys H, Deprest JA; FETO Task Group.","Am J Obstet Gynecol. 2006 Dec;195(6):1646-50. doi: 10.1016/j.ajog.2006.04.004. Epub 2006 Jun 12.","Jani JC","Am J Obstet Gynecol","2006","2006/06/14","","","10.1016/j.ajog.2006.04.004"
"19894042","Tracheomegaly: a complication of fetal endoscopic tracheal occlusion in the treatment of congenital diaphragmatic hernia","McHugh K, Afaq A, Broderick N, Gabra HO, Roebuck DJ, Elliott MJ.","Pediatr Radiol. 2010 May;40(5):674-80. doi: 10.1007/s00247-009-1437-9. Epub 2009 Nov 6.","McHugh K","Pediatr Radiol","2010","2009/11/07","","","10.1007/s00247-009-1437-9"
"36586211","Simulation training for urgent postnatal fetal tracheal balloon removal: Two learning methods","Lehoczky L, Corroenne R, Espinoza J, Shamshirsaz AA, Nassr AA, Donepudi R, Belfort MA, Davies J, Sundgren NC, King A, Lee T, Keswani S, Sanz Cortes M.","Eur J Obstet Gynecol Reprod Biol. 2023 Feb;281:92-98. doi: 10.1016/j.ejogrb.2022.12.027. Epub 2022 Dec 27.","Lehoczky L","Eur J Obstet Gynecol Reprod Biol","2023","2022/12/31","","","10.1016/j.ejogrb.2022.12.027"
"20532681","Recent advances in the management of congenital diaphragmatic hernia","Jain V, Agarwala S, Bhatnagar V.","Indian J Pediatr. 2010 Jun;77(6):673-8. doi: 10.1007/s12098-010-0094-1. Epub 2010 Jun 8.","Jain V","Indian J Pediatr","2010","2010/06/10","","","10.1007/s12098-010-0094-1"
"12009387","Matrix metalloproteinases-2 and -9 and their endogenous tissue inhibitors in tissue remodeling after sealing of the fetal membranes in a sheep model of fetoscopic surgery","Devlieger R, Riley SC, Verbist L, Leask R, Pijnenborg R, Deprest JA.","J Soc Gynecol Investig. 2002 May-Jun;9(3):137-45.","Devlieger R","J Soc Gynecol Investig","2002","2002/05/16","","",""
"16626602","Circulating cell-free fetal messenger RNA levels after fetoscopic interventions of complicated pregnancies","Tjoa ML, Jani J, Lewi L, Peter I, Wataganara T, Johnson KL, Bianchi DW, Deprest JA.","Am J Obstet Gynecol. 2006 Jul;195(1):230-5. doi: 10.1016/j.ajog.2006.01.041. Epub 2006 Apr 19.","Tjoa ML","Am J Obstet Gynecol","2006","2006/04/22","","","10.1016/j.ajog.2006.01.041"
"30656800","Long tail balloon as a new approach for fetoscopic tracheal occlusion for a treatment of severe congenital diaphragmatic hernia","Tchirikov M, Springer C, Seeger S, Behrmann C, Bergner M, Haase R.","J Obstet Gynaecol Res. 2019 Mar;45(3):719-723. doi: 10.1111/jog.13895. Epub 2019 Jan 17.","Tchirikov M","J Obstet Gynaecol Res","2019","2019/01/19","PMC6590211","","10.1111/jog.13895"
"16601345","Encouraging early clinical experience with deliberately delayed temporary fetoscopic tracheal occlusion for the prenatal treatment of life-threatening right and left congenital diaphragmatic hernias","Kohl T, Gembruch U, Filsinger B, Hering R, Bruhn J, Tchatcheva K, Aryee S, Franz A, Heep A, Muller A, Bartmann P, Loff S, Hosie S, Neff W, Schaible T; German Center for Fetal Surgery Diaphragmatic Hernia Task Group.","Fetal Diagn Ther. 2006;21(3):314-8. doi: 10.1159/000091363.","Kohl T","Fetal Diagn Ther","2006","2006/04/08","","","10.1159/000091363"
"19887764","Lung tissue blood perfusion changes induced by in utero tracheal occlusion in a rabbit model of congenital diaphragmatic hernia","Cruz-Martinez R, Moreno-Alvarez O, Prat J, Krauel L, Tarrado X, Castañón M, Hernandez-Andrade E, Albert A, Gratacos E.","Fetal Diagn Ther. 2009;26(3):137-42. doi: 10.1159/000254485. Epub 2009 Oct 29.","Cruz-Martinez R","Fetal Diagn Ther","2009","2009/11/06","","","10.1159/000254485"
"25468617","Unplanned ultrasound-guided puncture of a tracheal balloon in a premature infant with congenital diaphragmatic hernia","Rugolotto S, Giacomello L, El-Dalati G, Sacchetto L, Antonello L, De Luca G, Raffaelli R.","J Neonatal Perinatal Med. 2014;7(4):311-3. doi: 10.3233/NPM-14814025.","Rugolotto S","J Neonatal Perinatal Med","2014","2014/12/04","","","10.3233/NPM-14814025"
"24480792","A novel translational model of percutaneous fetoscopic endoluminal tracheal occlusion - baboons (Papio spp.)","Mari G, Deprest J, Schenone M, Jackson S, Samson J, Brocato B, Tate D, Sullivan R, White G, Dhanireddy R, Mandrell T, Gupta S, Skobowjat C, Slominski A, Cohen HL, Schlabritz-Loutsevitch N.","Fetal Diagn Ther. 2014;35(2):92-100. doi: 10.1159/000357139. Epub 2014 Jan 30.","Mari G","Fetal Diagn Ther","2014","2014/02/01","","","10.1159/000357139"
"15778486","Rescue of the hypoplastic lung by prenatal cyclical strain","Nelson SM, Hajivassiliou CA, Haddock G, Cameron AD, Robertson L, Olver RE, Hume R.","Am J Respir Crit Care Med. 2005 Jun 15;171(12):1395-402. doi: 10.1164/rccm.200409-1284OC. Epub 2005 Mar 18.","Nelson SM","Am J Respir Crit Care Med","2005","2005/03/22","","","10.1164/rccm.200409-1284OC"
"11568805","Fetoscopic temporary tracheal occlusion by means of detachable balloon for congenital diaphragmatic hernia","Harrison MR, Albanese CT, Hawgood SB, Farmer DL, Farrell JA, Sandberg PL, Filly RA.","Am J Obstet Gynecol. 2001 Sep;185(3):730-3. doi: 10.1067/mob.2001.117344.","Harrison MR","Am J Obstet Gynecol","2001","2001/09/25","","","10.1067/mob.2001.117344"
"23861606","The effects of fetal surgery on retinopathy of prematurity development","Nallasamy S, Davidson SL, Howell LJ, Hedrick H, Flake AW, Crombleholme TM, Adzick NS, Young TL.","Ophthalmol Eye Dis. 2009 Oct 1;1:13-9. doi: 10.4137/oed.s2746. Print 2009.","Nallasamy S","Ophthalmol Eye Dis","2009","2013/07/18","PMC3661317","","10.4137/oed.s2746"
"20945010","[Maternal complications following endoscopic surgeries in fetal Medicine]","Peralta CF, Sbragia L, Corrêa-Silva EP, Young Oh GH, Braga Ade F, Gomes DA, Barini R.","Rev Bras Ginecol Obstet. 2010 Jun;32(6):260-6.","Peralta CF","Rev Bras Ginecol Obstet","2010","2010/10/15","","",""
"23868540","Multidisciplinary perinatal management of the compromised airway on placental support: lessons learned","Osborn AJ, Baud D, Macarthur AJ, Propst EJ, Forte V, Blaser SM, Windrim R, Seaward G, Keunen J, Shah P, Ryan G, Campisi P.","Prenat Diagn. 2013 Nov;33(11):1080-7. doi: 10.1002/pd.4200. Epub 2013 Aug 4.","Osborn AJ","Prenat Diagn","2013","2013/07/23","","","10.1002/pd.4200"
"21616220","Bronchomegaly as a complication of fetal endoscopic tracheal occlusion. A caution and a possible solution","Speggiorin S, Fierens A, McHugh K, Roebuck DJ, McLaren CA, Mok Q, Broadhead M, Elliott MJ.","J Pediatr Surg. 2011 May;46(5):e1-3. doi: 10.1016/j.jpedsurg.2011.01.027.","Speggiorin S","J Pediatr Surg","2011","2011/05/28","","","10.1016/j.jpedsurg.2011.01.027"
"25909128","[Prenatal diagnosis and fetoscopic tracheal occlusion (FETO) for severe congenital diaphragmatic hernia. Case report]","Chaveeva P, Stratieva V, Persica N, Shterev A.","Akush Ginekol (Sofiia). 2015;54(1):31-4.","Chaveeva P","Akush Ginekol (Sofiia)","2015","2015/04/25","","",""
"29391197","Ocular injury during fetal endoscopy surgery","Flores-Pimentel M, de Alba Campomanes AG.","J AAPOS. 2018 Jun;22(3):227-229. doi: 10.1016/j.jaapos.2017.10.013. Epub 2018 Jan 31.","Flores-Pimentel M","J AAPOS","2018","2018/02/03","","","10.1016/j.jaapos.2017.10.013"
"28005161","[Epidural anesthesia for fetoscopy : Retrospective analysis of a one-year cohort]","Kiefer N, Suter SF, Berg C, Gembruch U, Weber SU.","Anaesthesist. 2017 Jan;66(1):28-33. doi: 10.1007/s00101-016-0253-5. Epub 2016 Dec 22.","Kiefer N","Anaesthesist","2017","2016/12/23","","","10.1007/s00101-016-0253-5"
"20140604","Fetoscopic fetal transesophageal electrocardiography: a minimally invasive tool for cardiac monitoring, diagnostics, and intervention in human fetuses","Kohl T, Herberg U.","Pediatr Cardiol. 2010 Jul;31(5):717-9. doi: 10.1007/s00246-010-9658-0. Epub 2010 Feb 7.","Kohl T","Pediatr Cardiol","2010","2010/02/09","","","10.1007/s00246-010-9658-0"
"16286838","Percutaneous fetal endoscopic tracheal occlusion (FETO) for severe left-sided congenital diaphragmatic hernia","Jani J, Gratacós E, Greenough A, Pieró JL, Benachi A, Harrison M, Nicolaïdes K, Deprest J; FETO Task Group.","Clin Obstet Gynecol. 2005 Dec;48(4):910-22. doi: 10.1097/01.grf.0000184774.02793.0c.","Jani J","Clin Obstet Gynecol","2005","2005/11/16","","","10.1097/01.grf.0000184774.02793.0c"
"26411195","[SECOND STAGE IN MINIINVASIVE FETAL SURGERY FOR SEVERE CONGENITAL DIAPHRAGMATIC HERNIA. CASE REPORT]","Chaveeva P, Persico N, Maslarska R, Georgiev T, Dimova I, Shterev A.","Akush Ginekol (Sofiia). 2015;54(5):40-4.","Chaveeva P","Akush Ginekol (Sofiia)","2015","2015/09/29","","",""
"22379945","Successful complex management of a congenital diaphragmatic hernia--a case report","Kociszewska-Najman B, Rawicz M, Pietrzak B, Szymusik I, Yaseen S, Olszyńska-Bazała B, Biejat A, Wegrzyn P, Wielgoś M.","Ginekol Pol. 2011 Oct;82(10):788-91.","Kociszewska-Najman B","Ginekol Pol","2011","2012/03/03","","",""
"16818078","Current consequences of prenatal diagnosis of congenital diaphragmatic hernia by Deprest et al (J Ped Surg 2006;41:423-30)","Kohl T, Gembruch U, Tchatcheva K, Schaible T.","J Pediatr Surg. 2006 Jul;41(7):1344-5; author reply 1345-6. doi: 10.1016/j.jpedsurg.2006.04.001.","Kohl T","J Pediatr Surg","2006","2006/07/05","","","10.1016/j.jpedsurg.2006.04.001"
"12592616","Evolution of a percutaneous fetoscopic access system for single-port tracheal occlusion","Hajivassiliou CA, Nelson SM, Dunkley PD, Cameron AD, Frank TG, Cuschieri A, Haddock G.","J Pediatr Surg. 2003 Jan;38(1):45-50; discussion 45-50. doi: 10.1053/jpsu.2003.50007.","Hajivassiliou CA","J Pediatr Surg","2003","2003/02/20","","","10.1053/jpsu.2003.50007"
"9247214","Fetendo-clip: a fetal endoscopic tracheal clip procedure in a human fetus","VanderWall KJ, Skarsgard ED, Filly RA, Eckert J, Harrison MR.","J Pediatr Surg. 1997 Jul;32(7):970-2. doi: 10.1016/s0022-3468(97)90379-1.","VanderWall KJ","J Pediatr Surg","1997","1997/07/01","","","10.1016/s0022-3468(97)90379-1"
"19521091","Successful tracheal occlusion using ultrathin fetoscopic equipment combined with real-time three-dimensional ultrasound","Tchirikov M.","Eur Surg Res. 2009;43(2):204-7. doi: 10.1159/000224146. Epub 2009 Jun 10.","Tchirikov M","Eur Surg Res","2009","2009/06/13","","","10.1159/000224146"
"18553193","Fetal tracheal occlusion for the treatment of congenital diaphragmatic hernia","Laberge JM.","World J Surg. 2008 Oct;32(10):2329. doi: 10.1007/s00268-008-9642-5.","Laberge JM","World J Surg","2008","2008/06/17","","","10.1007/s00268-008-9642-5"
"20582932","Premature labor after fetal endoscopic tracheal occlusion for congenital diaphragmatic hernia: post-procedure management problems","Wegrzyn P, Weigl W, Szymusik I, Ejmocka-Ambroziak A, Kamińska A, Dziadecki W, Lazowski T, Wielgoś M.","Ultrasound Obstet Gynecol. 2010 Jul;36(1):124-5. doi: 10.1002/uog.7697.","Wegrzyn P","Ultrasound Obstet Gynecol","2010","2010/06/29","","","10.1002/uog.7697"
"22937623","[Congenital diaphragmatic hernia. Prenatal tracheal balloon occlusion as therapy option]","Jacobs S.","Kinderkrankenschwester. 2012 Aug;31(8):342-7.","Jacobs S","Kinderkrankenschwester","2012","2012/09/04","","",""
"19125386","Current controversies in prenatal diagnosis 4: Should fetal surgery be done in all cases of severe diaphragmatic hernia?","Deprest JA, Hyett JA, Flake AW, Nicolaides K, Gratacos E.","Prenat Diagn. 2009 Jan;29(1):15-9. doi: 10.1002/pd.2108.","Deprest JA","Prenat Diagn","2009","2009/01/07","","","10.1002/pd.2108"
"21854207","Laser ablation of placental vessels in twin-to-twin transfusion syndrome: a paradigm for endoscopic fetal surgery","Lombardo ML, Watson-Smith DJ, Muratore CS, Carr SR, O'Brien BM, Luks FI.","J Laparoendosc Adv Surg Tech A. 2011 Nov;21(9):869-72. doi: 10.1089/lap.2011.0119. Epub 2011 Aug 19.","Lombardo ML","J Laparoendosc Adv Surg Tech A","2011","2011/08/23","","","10.1089/lap.2011.0119"
"31131929","Type-IV laryngotracheoesophageal cleft detected during fetoscopic endoluminal tracheal occlusion in fetus with severe congenital diaphragmatic hernia","Yuksel MA, Tayyar A.","Ultrasound Obstet Gynecol. 2020 Feb;55(2):276-277. doi: 10.1002/uog.20355.","Yuksel MA","Ultrasound Obstet Gynecol","2020","2019/05/28","","","10.1002/uog.20355"
"10201090","Trisomy 10: first-trimester features on ultrasound, fetoscopy and postmortem of a case associated with increased nuchal translucency","Schwärzler P, Moscoso G, Bernard JP, Hill L, Senat MV, Ville Y.","Ultrasound Obstet Gynecol. 1999 Jan;13(1):67-70. doi: 10.1046/j.1469-0705.1999.13010067.x.","Schwärzler P","Ultrasound Obstet Gynecol","1999","1999/04/14","","","10.1046/j.1469-0705.1999.13010067.x"
"17182715","Four-dimensional ultrasonographic guidance of fetal tracheal occlusion in a congenital diaphragmatic hernia","Ruano R, Okumura M, Zugaib M.","J Ultrasound Med. 2007 Jan;26(1):105-9. doi: 10.7863/jum.2007.26.1.105.","Ruano R","J Ultrasound Med","2007","2006/12/22","","","10.7863/jum.2007.26.1.105"
"21325861","Tracheal occlusion works","Harrison MR.","Fetal Diagn Ther. 2011;29(1):78-9. doi: 10.1159/000314618. Epub 2011 Feb 3.","Harrison MR","Fetal Diagn Ther","2011","2011/02/18","","","10.1159/000314618"
"27649392","Erratum: Procedure-Related Complications and Survival Following Fetoscopic Endotracheal Occlusion (FETO) for Severe Congenital Diaphragmatic Hernia: Systematic Review and Meta-Analysis in the FETO Era","Araujo Júnior E, Tonni G, Martins WP, Ruano R.","Eur J Pediatr Surg. 2017 Aug;27(4):e1. doi: 10.1055/s-0036-1592407. Epub 2016 Sep 20.","Araujo Júnior E","Eur J Pediatr Surg","2017","2016/09/21","","","10.1055/s-0036-1592407"
"20530105","Emergency EXIT for preterm labour after FETO","Berrington JE, Stafford FW, Macphail S.","Arch Dis Child Fetal Neonatal Ed. 2010 Sep;95(5):F376-7. doi: 10.1136/adc.2009.177303. Epub 2010 Jun 7.","Berrington JE","Arch Dis Child Fetal Neonatal Ed","2010","2010/06/10","","","10.1136/adc.2009.177303"
"21389679","Use of data from predictive tests following fetoscopic endoluminal tracheal occlusion for congenital diaphragmatic hernia","Rodrigues HC, Deprest J, Cruz-Martinez R, van den Berg PP.","Fetal Diagn Ther. 2011;29(3):261-2. doi: 10.1159/000324102. Epub 2011 Mar 9.","Rodrigues HC","Fetal Diagn Ther","2011","2011/03/11","","","10.1159/000324102"
"27804167","Combination of ultrasound, magnetic resonance imaging and virtual reality technologies to generate immersive three-dimensional fetal images","Werner H, Lopes Dos Santos JR, Ribeiro G, Belmonte SL, Daltro P, Araujo Júnior E.","Ultrasound Obstet Gynecol. 2017 Aug;50(2):271-272. doi: 10.1002/uog.17345. Epub 2017 Jul 11.","Werner H","Ultrasound Obstet Gynecol","2017","2016/11/03","","","10.1002/uog.17345"
"17116774","Images in cardiovascular medicine. Intraamniotic fetal echocardiography: a new fetal cardiovascular monitoring approach during human fetoscopic surgery","Kohl T, Tchatcheva K, Van de Vondel P, Gembruch U.","Circulation. 2006 Nov 21;114(21):e594-6. doi: 10.1161/CIRCULATIONAHA.106.637561.","Kohl T","Circulation","2006","2006/11/23","","","10.1161/CIRCULATIONAHA.106.637561"
"22029139","[Fetal surgery: prenatal treatment of congenital abnormalities]","Engels AC.","Kinderkrankenschwester. 2011 Oct;30(10):409-13.","Engels AC","Kinderkrankenschwester","2011","2011/10/28","","",""
"16917036","Medicine. Desperate measures","Couzin J.","Science. 2006 Aug 18;313(5789):904-7. doi: 10.1126/science.313.5789.904.","Couzin J","Science","2006","2006/08/19","","","10.1126/science.313.5789.904"
